timestamp,date,token_id,symbol,name,price,market_cap,total_volume,high_24h,low_24h,price_change_24h,price_change_percentage_24h,circulating_supply,total_supply,ath,ath_date,source
1731888000,2024-11-18,bitcoin,,,89841.47194135,1776887033229.91,48556083101.65,,,,,,,,,coingecko_historical
1731974400,2024-11-19,bitcoin,,,90534.62459650,1790917617392.44,77391724184.19,,,,,,,,,coingecko_historical
1732060800,2024-11-20,bitcoin,,,92251.65240738,1825195454018.50,80493234958.49,,,,,,,,,coingecko_historical
1732147200,2024-11-21,bitcoin,,,94217.02229634,1862618759426.15,80747272080.25,,,,,,,,,coingecko_historical
1732233600,2024-11-22,bitcoin,,,98509.11859102,1948284556982.05,118163852022.32,,,,,,,,,coingecko_historical
1732320000,2024-11-23,bitcoin,,,98927.49494553,1958091000957.83,85746174563.99,,,,,,,,,coingecko_historical
1732406400,2024-11-24,bitcoin,,,97679.46381643,1931255637661.50,47414200206.70,,,,,,,,,coingecko_historical
1732492800,2024-11-25,bitcoin,,,98015.93552895,1939446484727.43,50665680246.87,,,,,,,,,coingecko_historical
1732579200,2024-11-26,bitcoin,,,93004.70093103,1838788677873.87,89476321216.09,,,,,,,,,coingecko_historical
1732665600,2024-11-27,bitcoin,,,91931.83077292,1819990514406.09,97389239315.53,,,,,,,,,coingecko_historical
1732752000,2024-11-28,bitcoin,,,95981.18057211,1899088665519.23,81469353259.75,,,,,,,,,coingecko_historical
1732838400,2024-11-29,bitcoin,,,95661.59595818,1892297852304.72,49067932024.40,,,,,,,,,coingecko_historical
1732924800,2024-11-30,bitcoin,,,97453.24734510,1926826079390.24,74670031635.51,,,,,,,,,coingecko_historical
1733011200,2024-12-01,bitcoin,,,96513.14234698,1910022814269.89,43580019720.72,,,,,,,,,coingecko_historical
1733097600,2024-12-02,bitcoin,,,97311.70719084,1925808416477.51,49147687432.57,,,,,,,,,coingecko_historical
1733184000,2024-12-03,bitcoin,,,95833.13623004,1896576914275.52,101019861361.49,,,,,,,,,coingecko_historical
1733270400,2024-12-04,bitcoin,,,96031.63097760,1900922167493.36,87935752287.98,,,,,,,,,coingecko_historical
1733356800,2024-12-05,bitcoin,,,98881.46945618,1957276192604.26,98230784298.05,,,,,,,,,coingecko_historical
1733443200,2024-12-06,bitcoin,,,97201.50036408,1920742551503.61,190460293531.54,,,,,,,,,coingecko_historical
1733529600,2024-12-07,bitcoin,,,99973.85150660,1978389972043.79,115812632020.45,,,,,,,,,coingecko_historical
1733616000,2024-12-08,bitcoin,,,99781.82999198,1974739091620.75,61061136199.78,,,,,,,,,coingecko_historical
1733702400,2024-12-09,bitcoin,,,101235.37170253,2003238967638.83,62677764785.05,,,,,,,,,coingecko_historical
1733788800,2024-12-10,bitcoin,,,97353.94700821,1926047690157.63,146846843211.52,,,,,,,,,coingecko_historical
1733875200,2024-12-11,bitcoin,,,96649.71446772,1913115778728.28,125835977742.51,,,,,,,,,coingecko_historical
1733961600,2024-12-12,bitcoin,,,101123.61811034,2001746436338.84,118484957960.77,,,,,,,,,coingecko_historical
1734048000,2024-12-13,bitcoin,,,100000.80836535,1979166149963.31,100092043319.81,,,,,,,,,coingecko_historical
1734134400,2024-12-14,bitcoin,,,101352.22971292,2005406021235.84,78802903278.86,,,,,,,,,coingecko_historical
1734220800,2024-12-15,bitcoin,,,101367.01064553,2007646386698.87,57321924844.42,,,,,,,,,coingecko_historical
1734307200,2024-12-16,bitcoin,,,104721.50151809,2075487816560.19,70645074624.53,,,,,,,,,coingecko_historical
1734393600,2024-12-17,bitcoin,,,106074.10723541,2097460193710.79,115184737759.34,,,,,,,,,coingecko_historical
1734480000,2024-12-18,bitcoin,,,106034.91340265,2100629850064.91,93417826250.20,,,,,,,,,coingecko_historical
1734566400,2024-12-19,bitcoin,,,100355.57614815,1985284833093.57,113692025885.45,,,,,,,,,coingecko_historical
1734652800,2024-12-20,bitcoin,,,97851.35377076,1937022229972.21,100611554887.24,,,,,,,,,coingecko_historical
1734739200,2024-12-21,bitcoin,,,97691.43431693,1932373308116.01,112340864006.63,,,,,,,,,coingecko_historical
1734825600,2024-12-22,bitcoin,,,97202.82496848,1922768195068.17,53058382639.49,,,,,,,,,coingecko_historical
1734912000,2024-12-23,bitcoin,,,95094.27394862,1884599149192.46,44619017105.37,,,,,,,,,coingecko_historical
1734998400,2024-12-24,bitcoin,,,94644.91085464,1874912975786.66,64937790292.61,,,,,,,,,coingecko_historical
1735084800,2024-12-25,bitcoin,,,98695.71400783,1951173788529.12,49169088282.16,,,,,,,,,coingecko_historical
1735171200,2024-12-26,bitcoin,,,99344.95417367,1966481159354.12,33963749856.45,,,,,,,,,coingecko_historical
1735257600,2024-12-27,bitcoin,,,95678.31244565,1894744251986.11,45049342388.19,,,,,,,,,coingecko_historical
1735344000,2024-12-28,bitcoin,,,94331.94727053,1867708753554.92,41498540807.67,,,,,,,,,coingecko_historical
1735430400,2024-12-29,bitcoin,,,95184.61945289,1885556552231.43,22429850903.94,,,,,,,,,coingecko_historical
1735516800,2024-12-30,bitcoin,,,93663.44751964,1854872605738.81,24065314499.50,,,,,,,,,coingecko_historical
1735603200,2024-12-31,bitcoin,,,92627.28213113,1833188187477.53,57595164139.47,,,,,,,,,coingecko_historical
1735689600,2025-01-01,bitcoin,,,93507.85874741,1851839954625.13,45327464907.74,,,,,,,,,coingecko_historical
1735776000,2025-01-02,bitcoin,,,94384.17611539,1869193319140.24,23275007789.50,,,,,,,,,coingecko_historical
1735862400,2025-01-03,bitcoin,,,96852.14681235,1917905016063.62,45157338602.62,,,,,,,,,coingecko_historical
1735948800,2025-01-04,bitcoin,,,98084.34279281,1942834829349.96,35721645948.10,,,,,,,,,coingecko_historical
1736035200,2025-01-05,bitcoin,,,98256.73876850,1946611205641.35,20979035420.98,,,,,,,,,coingecko_historical
1736121600,2025-01-06,bitcoin,,,98364.58946600,1948339898718.86,20060293834.72,,,,,,,,,coingecko_historical
1736208000,2025-01-07,bitcoin,,,102229.39453190,2024825178619.82,46111387334.46,,,,,,,,,coingecko_historical
1736294400,2025-01-08,bitcoin,,,96952.09886775,1919133187081.31,60610257147.15,,,,,,,,,coingecko_historical
1736380800,2025-01-09,bitcoin,,,95016.71440989,1885313354913.72,65790469838.34,,,,,,,,,coingecko_historical
1736467200,2025-01-10,bitcoin,,,92376.27578346,1832933628117.94,65850881574.76,,,,,,,,,coingecko_historical
1736553600,2025-01-11,bitcoin,,,94736.62674210,1876836759923.40,63433655716.76,,,,,,,,,coingecko_historical
1736640000,2025-01-12,bitcoin,,,94559.55167224,1874286243377.85,17836423168.42,,,,,,,,,coingecko_historical
1736726400,2025-01-13,bitcoin,,,94454.77089639,1870314882306.92,19608932595.53,,,,,,,,,coingecko_historical
1736812800,2025-01-14,bitcoin,,,94456.34937470,1870609367804.82,76328330233.31,,,,,,,,,coingecko_historical
1736899200,2025-01-15,bitcoin,,,96574.07768799,1912603332624.11,51241728228.82,,,,,,,,,coingecko_historical
1736985600,2025-01-16,bitcoin,,,100313.15239828,1986831430651.86,57637319739.54,,,,,,,,,coingecko_historical
1737072000,2025-01-17,bitcoin,,,100044.57926776,1980935754458.28,50150102497.27,,,,,,,,,coingecko_historical
1737158400,2025-01-18,bitcoin,,,104160.69358484,2063854663834.08,69135117732.00,,,,,,,,,coingecko_historical
1737244800,2025-01-19,bitcoin,,,104334.61575724,2067151195362.04,49416447749.13,,,,,,,,,coingecko_historical
1737331200,2025-01-20,bitcoin,,,101275.33714814,2014842808849.50,72970313683.92,,,,,,,,,coingecko_historical
1737417600,2025-01-21,bitcoin,,,101764.90860171,2017837068202.14,120158523166.88,,,,,,,,,coingecko_historical
1737504000,2025-01-22,bitcoin,,,106182.23682018,2098829000928.49,95344290057.90,,,,,,,,,coingecko_historical
1737590400,2025-01-23,bitcoin,,,103673.53509538,2054288661793.98,55030669602.57,,,,,,,,,coingecko_historical
1737676800,2025-01-24,bitcoin,,,104067.60991207,2062360759045.00,102455227371.21,,,,,,,,,coingecko_historical
1737763200,2025-01-25,bitcoin,,,104835.19253556,2076156720642.79,51418786362.78,,,,,,,,,coingecko_historical
1737849600,2025-01-26,bitcoin,,,104796.04077738,2077647817531.34,22740744964.72,,,,,,,,,coingecko_historical
1737936000,2025-01-27,bitcoin,,,102552.24874280,2036324005947.41,20639818380.27,,,,,,,,,coingecko_historical
1738022400,2025-01-28,bitcoin,,,101958.46953746,2019295541213.53,93191643783.25,,,,,,,,,coingecko_historical
1738108800,2025-01-29,bitcoin,,,101313.11264498,2007072201507.53,45780526813.56,,,,,,,,,coingecko_historical
1738195200,2025-01-30,bitcoin,,,103718.97939814,2056581551171.70,47425401641.53,,,,,,,,,coingecko_historical
1738281600,2025-01-31,bitcoin,,,104781.51351001,2076760153260.62,42122570869.03,,,,,,,,,coingecko_historical
1738368000,2025-02-01,bitcoin,,,102382.39409722,2028504133577.49,37187819228.35,,,,,,,,,coingecko_historical
1738454400,2025-02-02,bitcoin,,,100674.78762545,1996423711261.73,22827776122.48,,,,,,,,,coingecko_historical
1738540800,2025-02-03,bitcoin,,,97568.31653025,1933691439792.25,59784234332.21,,,,,,,,,coingecko_historical
1738627200,2025-02-04,bitcoin,,,101466.86066570,2011121374511.88,122163969235.24,,,,,,,,,coingecko_historical
1738713600,2025-02-05,bitcoin,,,98118.43921664,1943535291172.16,73196693057.98,,,,,,,,,coingecko_historical
1738800000,2025-02-06,bitcoin,,,96582.88682919,1912584628590.31,48848958931.79,,,,,,,,,coingecko_historical
1738886400,2025-02-07,bitcoin,,,96635.41875332,1915093756057.56,44462180396.17,,,,,,,,,coingecko_historical
1738972800,2025-02-08,bitcoin,,,96558.45630967,1911296376425.36,57077722340.22,,,,,,,,,coingecko_historical
1739059200,2025-02-09,bitcoin,,,96558.23762501,1914211835440.12,20760850644.85,,,,,,,,,coingecko_historical
1739145600,2025-02-10,bitcoin,,,96548.57865380,1913068773356.08,25457107581.05,,,,,,,,,coingecko_historical
1739232000,2025-02-11,bitcoin,,,97399.98161383,1930742951090.37,37054987393.58,,,,,,,,,coingecko_historical
1739318400,2025-02-12,bitcoin,,,95739.97737079,1898788887978.33,36454577154.56,,,,,,,,,coingecko_historical
1739404800,2025-02-13,bitcoin,,,97836.18856127,1936842454814.00,47115618235.19,,,,,,,,,coingecko_historical
1739491200,2025-02-14,bitcoin,,,96561.66399910,1914315097486.39,29084371910.69,,,,,,,,,coingecko_historical
1739577600,2025-02-15,bitcoin,,,97488.48148536,1931656846871.49,32289906944.93,,,,,,,,,coingecko_historical
1739664000,2025-02-16,bitcoin,,,97569.95169430,1934308378710.29,14215311318.35,,,,,,,,,coingecko_historical
1739750400,2025-02-17,bitcoin,,,96149.34845482,1905012222220.37,13634794998.74,,,,,,,,,coingecko_historical
1739836800,2025-02-18,bitcoin,,,95776.15723853,1898997753781.95,25324374113.08,,,,,,,,,coingecko_historical
1739923200,2025-02-19,bitcoin,,,95495.89153299,1892702154844.51,38311133144.73,,,,,,,,,coingecko_historical
1740009600,2025-02-20,bitcoin,,,96554.87156259,1914337919659.55,27703222487.39,,,,,,,,,coingecko_historical
1740096000,2025-02-21,bitcoin,,,98384.31738240,1950376106325.32,24175261969.81,,,,,,,,,coingecko_historical
1740182400,2025-02-22,bitcoin,,,96135.15541305,1906058197506.38,42477472950.92,,,,,,,,,coingecko_historical
1740268800,2025-02-23,bitcoin,,,96564.15414290,1915260330870.80,18464415570.76,,,,,,,,,coingecko_historical
1740355200,2025-02-24,bitcoin,,,96327.46309128,1909625674815.48,16643044374.98,,,,,,,,,coingecko_historical
1740441600,2025-02-25,bitcoin,,,91396.76686930,1814176779160.44,45539703844.39,,,,,,,,,coingecko_historical
1740528000,2025-02-26,bitcoin,,,88755.76933570,1759750360550.33,96742453402.56,,,,,,,,,coingecko_historical
1740614400,2025-02-27,bitcoin,,,83900.11496525,1664314955447.75,69277430795.69,,,,,,,,,coingecko_historical
1740700800,2025-02-28,bitcoin,,,84709.14477848,1679555320077.21,81960688217.70,,,,,,,,,coingecko_historical
1740787200,2025-03-01,bitcoin,,,84441.90122371,1674754437110.34,80695237175.07,,,,,,,,,coingecko_historical
1740873600,2025-03-02,bitcoin,,,86005.25629681,1705564098300.82,30634474722.64,,,,,,,,,coingecko_historical
1740960000,2025-03-03,bitcoin,,,94261.53286538,1868321705444.49,61859112550.81,,,,,,,,,coingecko_historical
1741046400,2025-03-04,bitcoin,,,86124.71418722,1708198960874.34,68715362745.46,,,,,,,,,coingecko_historical
1741132800,2025-03-05,bitcoin,,,87310.80531078,1731441668069.65,65863356680.42,,,,,,,,,coingecko_historical
1741219200,2025-03-06,bitcoin,,,90604.08098524,1797706868227.53,51606642859.81,,,,,,,,,coingecko_historical
1741305600,2025-03-07,bitcoin,,,90001.40087607,1782785866811.65,47555759124.65,,,,,,,,,coingecko_historical
1741392000,2025-03-08,bitcoin,,,86773.33597555,1720436931689.28,63216440874.73,,,,,,,,,coingecko_historical
1741478400,2025-03-09,bitcoin,,,86142.98335864,1708605516770.23,18809360803.37,,,,,,,,,coingecko_historical
1741564800,2025-03-10,bitcoin,,,80751.13893301,1602073794580.03,32013406240.52,,,,,,,,,coingecko_historical
1741651200,2025-03-11,bitcoin,,,78783.94057934,1563547150147.73,49983692766.23,,,,,,,,,coingecko_historical
1741737600,2025-03-12,bitcoin,,,82799.10802921,1642997419531.61,56404462275.08,,,,,,,,,coingecko_historical
1741824000,2025-03-13,bitcoin,,,83884.24578829,1662502658717.54,41782186208.59,,,,,,,,,coingecko_historical
1741910400,2025-03-14,bitcoin,,,81098.90052436,1608477373718.19,32583592654.88,,,,,,,,,coingecko_historical
1741996800,2025-03-15,bitcoin,,,83971.70916065,1665725559905.82,28571483950.07,,,,,,,,,coingecko_historical
1742083200,2025-03-16,bitcoin,,,84391.69087647,1674173293916.47,10761796127.31,,,,,,,,,coingecko_historical
1742169600,2025-03-17,bitcoin,,,82610.61750344,1638672153483.72,21638031633.12,,,,,,,,,coingecko_historical
1742256000,2025-03-18,bitcoin,,,84075.36559694,1667799227887.44,19659366246.60,,,,,,,,,coingecko_historical
1742342400,2025-03-19,bitcoin,,,82780.03048688,1642578274105.81,24557570268.85,,,,,,,,,coingecko_historical
1742428800,2025-03-20,bitcoin,,,86815.44109471,1721565138141.28,33871216993.30,,,,,,,,,coingecko_historical
1742515200,2025-03-21,bitcoin,,,84270.84358966,1672550706502.82,27579127651.07,,,,,,,,,coingecko_historical
1742601600,2025-03-22,bitcoin,,,84009.53291782,1666749159154.29,18091004975.92,,,,,,,,,coingecko_historical
1742688000,2025-03-23,bitcoin,,,83793.30854193,1662574363663.65,7771134681.98,,,,,,,,,coingecko_historical
1742774400,2025-03-24,bitcoin,,,85787.70914902,1702009594329.45,12617587530.62,,,,,,,,,coingecko_historical
1742860800,2025-03-25,bitcoin,,,87327.72969669,1732715331970.13,27270889835.18,,,,,,,,,coingecko_historical
1742947200,2025-03-26,bitcoin,,,87520.58391531,1735368473904.49,30351832942.71,,,,,,,,,coingecko_historical
1743033600,2025-03-27,bitcoin,,,86960.85554910,1724854479045.67,25522877558.70,,,,,,,,,coingecko_historical
1743120000,2025-03-28,bitcoin,,,87227.27158032,1729729987159.48,24620445368.49,,,,,,,,,coingecko_historical
1743206400,2025-03-29,bitcoin,,,84359.46915506,1673182800974.10,31674486232.10,,,,,,,,,coingecko_historical
1743292800,2025-03-30,bitcoin,,,82679.17255385,1640665503855.14,16837439419.92,,,,,,,,,coingecko_historical
1743379200,2025-03-31,bitcoin,,,82356.38111184,1633996304187.26,13428975108.07,,,,,,,,,coingecko_historical
1743465600,2025-04-01,bitcoin,,,82514.09365398,1635076581047.35,30326148749.92,,,,,,,,,coingecko_historical
1743552000,2025-04-02,bitcoin,,,85237.58760529,1690602036035.04,29172899851.73,,,,,,,,,coingecko_historical
1743638400,2025-04-03,bitcoin,,,82526.42215264,1637358764747.38,46332905657.78,,,,,,,,,coingecko_historical
1743724800,2025-04-04,bitcoin,,,83163.98757388,1652537223074.96,36594464539.15,,,,,,,,,coingecko_historical
1743811200,2025-04-05,bitcoin,,,83852.00765400,1664234880198.05,35647289400.47,,,,,,,,,coingecko_historical
1743897600,2025-04-06,bitcoin,,,83595.88550177,1656020067997.19,14910400035.53,,,,,,,,,coingecko_historical
1743984000,2025-04-07,bitcoin,,,78211.48358200,1555325260787.26,36140377231.68,,,,,,,,,coingecko_historical
1744070400,2025-04-08,bitcoin,,,79179.29226758,1581407565278.35,82909748172.59,,,,,,,,,coingecko_historical
1744156800,2025-04-09,bitcoin,,,76329.09035632,1515042499757.33,47812787635.23,,,,,,,,,coingecko_historical
1744243200,2025-04-10,bitcoin,,,82622.17029546,1640567909122.17,87408220482.12,,,,,,,,,coingecko_historical
1744329600,2025-04-11,bitcoin,,,79596.35732251,1580023209138.05,41213520154.25,,,,,,,,,coingecko_historical
1744416000,2025-04-12,bitcoin,,,83439.28818044,1655868880454.17,39813566443.77,,,,,,,,,coingecko_historical
1744502400,2025-04-13,bitcoin,,,85305.09728393,1693600655371.09,22428929482.07,,,,,,,,,coingecko_historical
1744588800,2025-04-14,bitcoin,,,83600.82010055,1658923208081.87,28731125717.93,,,,,,,,,coingecko_historical
1744675200,2025-04-15,bitcoin,,,84523.45249149,1677843510120.27,33155578229.34,,,,,,,,,coingecko_historical
1744761600,2025-04-16,bitcoin,,,83656.49248858,1660749023283.06,25084671427.62,,,,,,,,,coingecko_historical
1744848000,2025-04-17,bitcoin,,,84105.77942167,1670497569762.05,26948109141.80,,,,,,,,,coingecko_historical
1744934400,2025-04-18,bitcoin,,,84930.90857601,1686226810049.18,19323821375.14,,,,,,,,,coingecko_historical
1745020800,2025-04-19,bitcoin,,,84433.75017215,1676373197914.51,9550691272.78,,,,,,,,,coingecko_historical
1745107200,2025-04-20,bitcoin,,,85126.66244302,1690090596771.40,12635983530.80,,,,,,,,,coingecko_historical
1745193600,2025-04-21,bitcoin,,,85073.16544858,1689008667806.38,12625843856.31,,,,,,,,,coingecko_historical
1745280000,2025-04-22,bitcoin,,,87452.04699068,1735703747771.06,40070025414.28,,,,,,,,,coingecko_historical
1745366400,2025-04-23,bitcoin,,,93576.16588574,1858587811717.83,53841992235.37,,,,,,,,,coingecko_historical
1745452800,2025-04-24,bitcoin,,,93605.45230873,1858660302322.26,39901515879.66,,,,,,,,,coingecko_historical
1745539200,2025-04-25,bitcoin,,,93872.81422867,1864298110563.34,30031246761.09,,,,,,,,,coingecko_historical
1745625600,2025-04-26,bitcoin,,,94773.11200644,1882121595175.85,39336184715.04,,,,,,,,,coingecko_historical
1745712000,2025-04-27,bitcoin,,,94644.06637120,1879131951239.18,15445392739.79,,,,,,,,,coingecko_historical
1745798400,2025-04-28,bitcoin,,,93809.33781968,1862772247122.06,15926259371.06,,,,,,,,,coingecko_historical
1745884800,2025-04-29,bitcoin,,,95030.60645474,1887067388174.35,31913814736.54,,,,,,,,,coingecko_historical
1745971200,2025-04-30,bitcoin,,,94256.35946318,1870818389258.40,25882629766.28,,,,,,,,,coingecko_historical
1746057600,2025-05-01,bitcoin,,,94235.75331048,1871350362569.09,26541700309.37,,,,,,,,,coingecko_historical
1746144000,2025-05-02,bitcoin,,,96426.94522273,1914884389769.39,30207566405.47,,,,,,,,,coingecko_historical
1746230400,2025-05-03,bitcoin,,,96855.56813439,1923251765866.15,23276376191.48,,,,,,,,,coingecko_historical
1746316800,2025-05-04,bitcoin,,,95922.86842404,1904894886394.57,13797554863.64,,,,,,,,,coingecko_historical
1746403200,2025-05-05,bitcoin,,,94326.62048529,1872812442453.03,14903122945.62,,,,,,,,,coingecko_historical
1746489600,2025-05-06,bitcoin,,,94758.82371055,1882511286487.96,24086456278.20,,,,,,,,,coingecko_historical
1746576000,2025-05-07,bitcoin,,,96854.53198816,1923643840814.60,23348052607.07,,,,,,,,,coingecko_historical
1746662400,2025-05-08,bitcoin,,,97026.49376967,1927134557858.27,64376174032.08,,,,,,,,,coingecko_historical
1746748800,2025-05-09,bitcoin,,,103076.27555513,2047883753852.69,50020047720.66,,,,,,,,,coingecko_historical
1746835200,2025-05-10,bitcoin,,,102962.54045692,2045046445523.52,40800894903.23,,,,,,,,,coingecko_historical
1746921600,2025-05-11,bitcoin,,,104630.87929942,2077132539531.35,21558992540.04,,,,,,,,,coingecko_historical
1747008000,2025-05-12,bitcoin,,,103994.06161675,2065659960471.37,27389436049.45,,,,,,,,,coingecko_historical
1747094400,2025-05-13,bitcoin,,,102876.83042860,2044347271866.17,43090605819.37,,,,,,,,,coingecko_historical
1747180800,2025-05-14,bitcoin,,,104184.49039271,2069356072124.02,33861432519.51,,,,,,,,,coingecko_historical
1747267200,2025-05-15,bitcoin,,,103594.42575091,2057798367292.56,28398245846.80,,,,,,,,,coingecko_historical
1747353600,2025-05-16,bitcoin,,,103708.85136424,2060142559914.03,31823340473.34,,,,,,,,,coingecko_historical
1747440000,2025-05-17,bitcoin,,,103556.03493982,2057725640290.08,25887953182.15,,,,,,,,,coingecko_historical
1747526400,2025-05-18,bitcoin,,,103212.36483885,2050318521477.80,18950056010.48,,,,,,,,,coingecko_historical
1747612800,2025-05-19,bitcoin,,,106030.63768314,2104889720872.83,30744060179.80,,,,,,,,,coingecko_historical
1747699200,2025-05-20,bitcoin,,,105629.41580437,2098485415895.05,43339734153.75,,,,,,,,,coingecko_historical
1747785600,2025-05-21,bitcoin,,,106786.71995834,2121778617273.82,36393687094.25,,,,,,,,,coingecko_historical
1747872000,2025-05-22,bitcoin,,,109665.86371625,2178838967665.50,60722883113.84,,,,,,,,,coingecko_historical
1747958400,2025-05-23,bitcoin,,,111560.35693814,2214712145787.25,52218408239.45,,,,,,,,,coingecko_historical
1748044800,2025-05-24,bitcoin,,,107216.66856871,2131595896624.44,49251745837.96,,,,,,,,,coingecko_historical
1748131200,2025-05-25,bitcoin,,,107831.36374380,2142540077685.22,27128230116.52,,,,,,,,,coingecko_historical
1748217600,2025-05-26,bitcoin,,,108861.81037744,2163072841533.61,29652659665.05,,,,,,,,,coingecko_historical
1748304000,2025-05-27,bitcoin,,,109377.71513263,2173059855839.42,27950577137.92,,,,,,,,,coingecko_historical
1748390400,2025-05-28,bitcoin,,,109068.45694901,2167551887130.01,38978783508.89,,,,,,,,,coingecko_historical
1748476800,2025-05-29,bitcoin,,,107838.18431100,2143342706888.31,29794278037.28,,,,,,,,,coingecko_historical
1748563200,2025-05-30,bitcoin,,,105745.41660358,2101348752694.31,38279231892.57,,,,,,,,,coingecko_historical
1748649600,2025-05-31,bitcoin,,,104010.91956243,2066830946978.06,39680060337.61,,,,,,,,,coingecko_historical
1748736000,2025-06-01,bitcoin,,,104687.50742935,2080467809295.77,20432694555.10,,,,,,,,,coingecko_historical
1748822400,2025-06-02,bitcoin,,,105710.00593823,2101178071590.97,17721500507.53,,,,,,,,,coingecko_historical
1748908800,2025-06-03,bitcoin,,,105884.74263221,2104229403094.94,26313843058.74,,,,,,,,,coingecko_historical
1748995200,2025-06-04,bitcoin,,,105434.47745145,2095294001281.48,25925661121.08,,,,,,,,,coingecko_historical
1749081600,2025-06-05,bitcoin,,,104812.91821881,2083148839111.21,25812143562.80,,,,,,,,,coingecko_historical
1749168000,2025-06-06,bitcoin,,,101650.73875454,2020294099992.37,39711941132.02,,,,,,,,,coingecko_historical
1749254400,2025-06-07,bitcoin,,,104409.74967959,2075175500201.43,29897390978.09,,,,,,,,,coingecko_historical
1749340800,2025-06-08,bitcoin,,,105681.45461418,2100553336902.51,17749731308.73,,,,,,,,,coingecko_historical
1749427200,2025-06-09,bitcoin,,,105692.24740699,2100654769399.47,16044679696.27,,,,,,,,,coingecko_historical
1749513600,2025-06-10,bitcoin,,,110261.57485948,2191877481230.95,38222993297.51,,,,,,,,,coingecko_historical
1749600000,2025-06-11,bitcoin,,,110212.73252110,2189350055406.33,36303839182.73,,,,,,,,,coingecko_historical
1749686400,2025-06-12,bitcoin,,,108679.97609162,2159529375273.50,30338936631.63,,,,,,,,,coingecko_historical
1749772800,2025-06-13,bitcoin,,,105979.22902376,2107911943768.30,35865159511.39,,,,,,,,,coingecko_historical
1749859200,2025-06-14,bitcoin,,,106045.56440819,2107973087547.79,49471015505.74,,,,,,,,,coingecko_historical
1749945600,2025-06-15,bitcoin,,,105482.90611629,2097486541223.27,17916412455.87,,,,,,,,,coingecko_historical
1750032000,2025-06-16,bitcoin,,,105554.49383062,2098499110552.62,16568441852.65,,,,,,,,,coingecko_historical
1750118400,2025-06-17,bitcoin,,,106951.27201815,2127895470544.72,32095957011.72,,,,,,,,,coingecko_historical
1750204800,2025-06-18,bitcoin,,,104683.42479836,2080968120976.95,38603212010.89,,,,,,,,,coingecko_historical
1750291200,2025-06-19,bitcoin,,,104722.69505291,2081677732261.69,30339326410.15,,,,,,,,,coingecko_historical
1750377600,2025-06-20,bitcoin,,,104690.65002458,2081355279873.41,18063282658.15,,,,,,,,,coingecko_historical
1750464000,2025-06-21,bitcoin,,,103290.10514476,2054120245608.21,30632751225.41,,,,,,,,,coingecko_historical
1750550400,2025-06-22,bitcoin,,,101532.56838473,2017415966695.53,21644463198.72,,,,,,,,,coingecko_historical
1750636800,2025-06-23,bitcoin,,,100852.58264649,2005179769771.73,51287142390.03,,,,,,,,,coingecko_historical
1750723200,2025-06-24,bitcoin,,,105511.62437933,2097741233586.59,50011797128.68,,,,,,,,,coingecko_historical
1750809600,2025-06-25,bitcoin,,,105976.06929808,2107110352429.80,31704641076.94,,,,,,,,,coingecko_historical
1750896000,2025-06-26,bitcoin,,,107238.53045016,2132141147369.00,30468274982.03,,,,,,,,,coingecko_historical
1750982400,2025-06-27,bitcoin,,,106984.01253776,2127292099754.93,24320699663.15,,,,,,,,,coingecko_historical
1751068800,2025-06-28,bitcoin,,,107078.91560644,2129020567385.96,25194306261.89,,,,,,,,,coingecko_historical
1751155200,2025-06-29,bitcoin,,,107331.58548464,2134239999929.66,8960877693.58,,,,,,,,,coingecko_historical
1751241600,2025-06-30,bitcoin,,,108396.61631318,2155183166489.81,14881078675.37,,,,,,,,,coingecko_historical
1751328000,2025-07-01,bitcoin,,,107132.79910702,2130471589191.58,22489515582.42,,,,,,,,,coingecko_historical
1751414400,2025-07-02,bitcoin,,,105613.39974163,2100087563077.93,25033160828.31,,,,,,,,,coingecko_historical
1751500800,2025-07-03,bitcoin,,,108824.44423168,2163835371770.10,36395184773.06,,,,,,,,,coingecko_historical
1751587200,2025-07-04,bitcoin,,,109602.20483914,2179664531219.93,29892049537.63,,,,,,,,,coingecko_historical
1751673600,2025-07-05,bitcoin,,,108040.89194001,2148601712907.34,24248906784.57,,,,,,,,,coingecko_historical
1751760000,2025-07-06,bitcoin,,,108217.46849992,2152344091389.65,10042942280.97,,,,,,,,,coingecko_historical
1751846400,2025-07-07,bitcoin,,,109215.19771840,2171497503296.05,14638669497.35,,,,,,,,,coingecko_historical
1751932800,2025-07-08,bitcoin,,,108300.71675785,2153777588647.45,25493246475.80,,,,,,,,,coingecko_historical
1752019200,2025-07-09,bitcoin,,,108953.19187728,2167049398056.74,20488865138.28,,,,,,,,,coingecko_historical
1752105600,2025-07-10,bitcoin,,,111327.53054246,2215210888568.43,37078460440.66,,,,,,,,,coingecko_historical
1752192000,2025-07-11,bitcoin,,,115879.65030112,2303292356999.74,56204086624.04,,,,,,,,,coingecko_historical
1752278400,2025-07-12,bitcoin,,,117571.02510036,2338612196961.74,64185145923.89,,,,,,,,,coingecko_historical
1752364800,2025-07-13,bitcoin,,,117418.95745008,2335485977830.67,24351256098.39,,,,,,,,,coingecko_historical
1752451200,2025-07-14,bitcoin,,,119117.55666328,2369050366835.56,27310851454.98,,,,,,,,,coingecko_historical
1752537600,2025-07-15,bitcoin,,,119833.67446712,2383825813673.85,68915956378.80,,,,,,,,,coingecko_historical
1752624000,2025-07-16,bitcoin,,,117678.19493404,2341223394839.92,80299520980.23,,,,,,,,,coingecko_historical
1752710400,2025-07-17,bitcoin,,,118748.16273678,2363194640209.58,50374263848.76,,,,,,,,,coingecko_historical
1752796800,2025-07-18,bitcoin,,,119445.36520434,2376237382764.30,49282617205.73,,,,,,,,,coingecko_historical
1752883200,2025-07-19,bitcoin,,,117988.94664456,2347165317624.54,58896449260.69,,,,,,,,,coingecko_historical
1752969600,2025-07-20,bitcoin,,,117901.62655901,2345398337785.54,23934511126.35,,,,,,,,,coingecko_historical
1753056000,2025-07-21,bitcoin,,,117256.92082227,2333757287859.66,36702153882.07,,,,,,,,,coingecko_historical
1753142400,2025-07-22,bitcoin,,,117482.46977767,2337365497467.13,46344384345.39,,,,,,,,,coingecko_historical
1753228800,2025-07-23,bitcoin,,,119955.79570608,2387516761560.49,58939000420.94,,,,,,,,,coingecko_historical
1753315200,2025-07-24,bitcoin,,,118629.05588130,2359931875300.52,45225685167.62,,,,,,,,,coingecko_historical
1753401600,2025-07-25,bitcoin,,,118354.43517439,2354764508342.99,51940414419.33,,,,,,,,,coingecko_historical
1753488000,2025-07-26,bitcoin,,,117540.80837086,2338855554998.78,91617702596.10,,,,,,,,,coingecko_historical
1753574400,2025-07-27,bitcoin,,,117959.54234361,2346959472845.03,25145925063.88,,,,,,,,,coingecko_historical
1753660800,2025-07-28,bitcoin,,,119418.91405141,2376524838793.01,30220402191.47,,,,,,,,,coingecko_historical
1753747200,2025-07-29,bitcoin,,,118003.30201608,2349472897426.47,43433742203.62,,,,,,,,,coingecko_historical
1753833600,2025-07-30,bitcoin,,,117853.30892864,2345126504020.11,42860287143.69,,,,,,,,,coingecko_historical
1753920000,2025-07-31,bitcoin,,,117833.24087996,2343717963709.71,43054424656.59,,,,,,,,,coingecko_historical
1754006400,2025-08-01,bitcoin,,,115700.00243916,2302199162425.12,45238249453.36,,,,,,,,,coingecko_historical
1754092800,2025-08-02,bitcoin,,,113234.60513432,2253609880959.40,65794680822.25,,,,,,,,,coingecko_historical
1754179200,2025-08-03,bitcoin,,,112554.90232222,2240413983638.11,33543439044.10,,,,,,,,,coingecko_historical
1754265600,2025-08-04,bitcoin,,,114199.10966461,2272802075267.04,24689273719.09,,,,,,,,,coingecko_historical
1754352000,2025-08-05,bitcoin,,,115138.68613070,2292395156144.15,32488023582.83,,,,,,,,,coingecko_historical
1754438400,2025-08-06,bitcoin,,,114128.35408882,2271583255077.36,37316213251.97,,,,,,,,,coingecko_historical
1754524800,2025-08-07,bitcoin,,,115022.09576831,2289295036528.66,32052509631.06,,,,,,,,,coingecko_historical
1754611200,2025-08-08,bitcoin,,,117463.47451085,2337732858703.54,38289687095.00,,,,,,,,,coingecko_historical
1754697600,2025-08-09,bitcoin,,,116688.36663186,2323026541073.32,33017415812.97,,,,,,,,,coingecko_historical
1754784000,2025-08-10,bitcoin,,,116510.08393214,2318815857401.68,27638785406.21,,,,,,,,,coingecko_historical
1754870400,2025-08-11,bitcoin,,,119266.92516881,2374097296837.89,37157754754.85,,,,,,,,,coingecko_historical
1754956800,2025-08-12,bitcoin,,,118773.79960861,2364060561673.00,61739781527.96,,,,,,,,,coingecko_historical
1755043200,2025-08-13,bitcoin,,,120202.53485503,2392854421745.62,46941089789.58,,,,,,,,,coingecko_historical
1755129600,2025-08-14,bitcoin,,,123560.99363577,2458895200752.57,61818118105.54,,,,,,,,,coingecko_historical
1755216000,2025-08-15,bitcoin,,,118405.59579824,2360043737045.27,73822008368.00,,,,,,,,,coingecko_historical
1755302400,2025-08-16,bitcoin,,,117339.79190213,2335290383260.17,44268714220.02,,,,,,,,,coingecko_historical
1755388800,2025-08-17,bitcoin,,,117501.21653395,2339465736068.21,23202714236.54,,,,,,,,,coingecko_historical
1755475200,2025-08-18,bitcoin,,,117542.83687778,2340648324181.83,20906566026.65,,,,,,,,,coingecko_historical
1755561600,2025-08-19,bitcoin,,,116256.41276741,2313556987528.46,47337926940.99,,,,,,,,,coingecko_historical
1755648000,2025-08-20,bitcoin,,,112778.34483556,2245419916215.74,46156885037.40,,,,,,,,,coingecko_historical
1755734400,2025-08-21,bitcoin,,,114252.39755195,2274471285844.18,42166369117.01,,,,,,,,,coingecko_historical
1755820800,2025-08-22,bitcoin,,,112414.39987337,2238121481749.57,32048202090.65,,,,,,,,,coingecko_historical
1755907200,2025-08-23,bitcoin,,,116834.24948202,2326174803320.61,50878158870.83,,,,,,,,,coingecko_historical
1755993600,2025-08-24,bitcoin,,,115359.98346715,2296786080139.70,27306719885.26,,,,,,,,,coingecko_historical
1756080000,2025-08-25,bitcoin,,,113399.54847315,2259663171125.39,40682656776.69,,,,,,,,,coingecko_historical
1756166400,2025-08-26,bitcoin,,,110185.35443900,2194453712375.60,52854872363.94,,,,,,,,,coingecko_historical
1756252800,2025-08-27,bitcoin,,,111842.70999261,2227025695775.59,43023800053.05,,,,,,,,,coingecko_historical
1756339200,2025-08-28,bitcoin,,,111216.08479629,2215255294289.99,36957904263.00,,,,,,,,,coingecko_historical
1756425600,2025-08-29,bitcoin,,,112525.59740670,2239422945686.89,34222495087.21,,,,,,,,,coingecko_historical
1756512000,2025-08-30,bitcoin,,,108480.30666639,2160278651486.29,51702115726.39,,,,,,,,,coingecko_historical
1756598400,2025-08-31,bitcoin,,,108781.95727926,2166165747945.18,27799981330.79,,,,,,,,,coingecko_historical
1756684800,2025-09-01,bitcoin,,,108253.36092386,2155694976689.60,26140904019.25,,,,,,,,,coingecko_historical
1756771200,2025-09-02,bitcoin,,,109162.68557992,2174100506466.43,42999610648.39,,,,,,,,,coingecko_historical
1756857600,2025-09-03,bitcoin,,,111190.18209845,2212595221503.45,50235464642.85,,,,,,,,,coingecko_historical
1756944000,2025-09-04,bitcoin,,,111711.51977725,2225365905592.23,36406080683.43,,,,,,,,,coingecko_historical
1757030400,2025-09-05,bitcoin,,,110724.73637749,2204051936301.33,38708366685.43,,,,,,,,,coingecko_historical
1757116800,2025-09-06,bitcoin,,,110662.18112629,2204045604630.56,56020470627.41,,,,,,,,,coingecko_historical
1757203200,2025-09-07,bitcoin,,,110209.18882478,2195288669199.57,19340758702.08,,,,,,,,,coingecko_historical
1757289600,2025-09-08,bitcoin,,,111131.99238684,2213764479139.36,22147049159.34,,,,,,,,,coingecko_historical
1757376000,2025-09-09,bitcoin,,,112025.12878119,2231763512226.87,37159847899.86,,,,,,,,,coingecko_historical
1757462400,2025-09-10,bitcoin,,,111547.43956435,2222026777598.05,45338021458.38,,,,,,,,,coingecko_historical
1757548800,2025-09-11,bitcoin,,,113975.32489469,2270241314652.71,52205187155.06,,,,,,,,,coingecko_historical
1757635200,2025-09-12,bitcoin,,,115503.16663193,2299764311655.67,43752917632.95,,,,,,,,,coingecko_historical
1757721600,2025-09-13,bitcoin,,,116160.14344594,2314347371939.95,51192951485.86,,,,,,,,,coingecko_historical
1757808000,2025-09-14,bitcoin,,,115970.58488443,2310166037871.29,30063858747.76,,,,,,,,,coingecko_historical
1757894400,2025-09-15,bitcoin,,,115373.55555887,2297459118244.42,26889399414.61,,,,,,,,,coingecko_historical
1757980800,2025-09-16,bitcoin,,,115397.25272728,2297977599504.55,46947581231.08,,,,,,,,,coingecko_historical
1758067200,2025-09-17,bitcoin,,,116762.84968642,2325326932460.96,39964451595.10,,,,,,,,,coingecko_historical
1758153600,2025-09-18,bitcoin,,,116455.94648225,2321583680138.89,54740952295.38,,,,,,,,,coingecko_historical
1758240000,2025-09-19,bitcoin,,,117145.49508952,2333705338232.10,43642467075.26,,,,,,,,,coingecko_historical
1758326400,2025-09-20,bitcoin,,,115655.81046441,2303469041668.80,34296721252.33,,,,,,,,,coingecko_historical
1758412800,2025-09-21,bitcoin,,,115715.51536782,2305371926506.30,18774953731.29,,,,,,,,,coingecko_historical
1758499200,2025-09-22,bitcoin,,,115304.47999407,2297332085237.65,18659113982.50,,,,,,,,,coingecko_historical
1758585600,2025-09-23,bitcoin,,,112696.74101712,2245929069310.85,69152342029.47,,,,,,,,,coingecko_historical
1758672000,2025-09-24,bitcoin,,,112022.16587861,2232693472656.65,46154878824.04,,,,,,,,,coingecko_historical
1758758400,2025-09-25,bitcoin,,,113320.56908541,2257741194218.83,46677543220.33,,,,,,,,,coingecko_historical
1758844800,2025-09-26,bitcoin,,,108963.53013596,2171950311711.44,74481796351.47,,,,,,,,,coingecko_historical
1758931200,2025-09-27,bitcoin,,,109710.20874668,2185866776171.55,55257214020.57,,,,,,,,,coingecko_historical
1759017600,2025-09-28,bitcoin,,,109654.81021076,2185203231301.06,23294896964.31,,,,,,,,,coingecko_historical
1759104000,2025-09-29,bitcoin,,,112142.57362753,2235798877396.13,31274654338.51,,,,,,,,,coingecko_historical
1759190400,2025-09-30,bitcoin,,,114309.15041119,2278362523594.31,57833295882.66,,,,,,,,,coingecko_historical
1759276800,2025-10-01,bitcoin,,,114024.22783550,2272137555069.45,57718901820.71,,,,,,,,,coingecko_historical
1759363200,2025-10-02,bitcoin,,,118503.24451752,2359569556068.08,69920179085.47,,,,,,,,,coingecko_historical
1759449600,2025-10-03,bitcoin,,,120611.71911591,2399524207991.55,71252850672.75,,,,,,,,,coingecko_historical
1759536000,2025-10-04,bitcoin,,,122250.15186843,2436956902844.72,83155430408.52,,,,,,,,,coingecko_historical
1759622400,2025-10-05,bitcoin,,,122380.93708463,2438832157552.79,35161626561.81,,,,,,,,,coingecko_historical
1759708800,2025-10-06,bitcoin,,,123506.18520028,2461221856764.19,72011486031.27,,,,,,,,,coingecko_historical
1759795200,2025-10-07,bitcoin,,,124773.50823074,2486073086655.29,69605991064.72,,,,,,,,,coingecko_historical
1759881600,2025-10-08,bitcoin,,,121518.75593575,2421938444026.28,76087884719.80,,,,,,,,,coingecko_historical
1759968000,2025-10-09,bitcoin,,,123352.50487523,2459003621170.12,62576032795.37,,,,,,,,,coingecko_historical
1760054400,2025-10-10,bitcoin,,,121698.03066778,2423288659157.48,72097306668.91,,,,,,,,,coingecko_historical
1760140800,2025-10-11,bitcoin,,,113201.74064139,2265659827789.99,151002213089.88,,,,,,,,,coingecko_historical
1760227200,2025-10-12,bitcoin,,,110853.11663884,2211404015103.11,108643865752.18,,,,,,,,,coingecko_historical
1760313600,2025-10-13,bitcoin,,,115189.57146373,2294724465036.98,93857100744.12,,,,,,,,,coingecko_historical
1760400000,2025-10-14,bitcoin,,,115222.28302117,2296863527017.99,68935270367.04,,,,,,,,,coingecko_historical
1760486400,2025-10-15,bitcoin,,,113156.56943827,2257545230986.01,91211854988.92,,,,,,,,,coingecko_historical
1760572800,2025-10-16,bitcoin,,,110708.66960879,2207742082237.05,68877328886.40,,,,,,,,,coingecko_historical
1760659200,2025-10-17,bitcoin,,,108076.72862033,2154964541836.46,84773160808.27,,,,,,,,,coingecko_historical
1760745600,2025-10-18,bitcoin,,,106443.61194985,2123017949517.14,94325236794.78,,,,,,,,,coingecko_historical
1760832000,2025-10-19,bitcoin,,,107156.00337648,2135575517405.92,34412835719.61,,,,,,,,,coingecko_historical
1760918400,2025-10-20,bitcoin,,,108621.13485743,2165367850075.00,45373692612.39,,,,,,,,,coingecko_historical
1761004800,2025-10-21,bitcoin,,,110608.57149327,2205571381112.93,60452111148.14,,,,,,,,,coingecko_historical
1761091200,2025-10-22,bitcoin,,,108486.10262717,2162410619417.91,105841401713.00,,,,,,,,,coingecko_historical
1761177600,2025-10-23,bitcoin,,,107618.42667154,2145773248654.64,83996418125.93,,,,,,,,,coingecko_historical
1761264000,2025-10-24,bitcoin,,,110048.51827292,2193901841033.91,56192643013.57,,,,,,,,,coingecko_historical
1761350400,2025-10-25,bitcoin,,,110997.80437130,2213306367536.76,49120903424.34,,,,,,,,,coingecko_historical
1761436800,2025-10-26,bitcoin,,,111620.30937314,2224861052775.00,23214874411.21,,,,,,,,,coingecko_historical
1761523200,2025-10-27,bitcoin,,,114476.01227509,2283691326423.21,42483268634.19,,,,,,,,,coingecko_historical
1761609600,2025-10-28,bitcoin,,,114182.79442807,2276235094681.67,63764801510.66,,,,,,,,,coingecko_historical
1761696000,2025-10-29,bitcoin,,,112950.34863259,2254003248725.49,66299512352.18,,,,,,,,,coingecko_historical
1761782400,2025-10-30,bitcoin,,,110046.66925837,2194746293754.54,64235327509.06,,,,,,,,,coingecko_historical
1761868800,2025-10-31,bitcoin,,,108240.76528726,2157803742876.07,72648897659.94,,,,,,,,,coingecko_historical
1761955200,2025-11-01,bitcoin,,,109573.90555629,2185193896779.34,58800487940.51,,,,,,,,,coingecko_historical
1762041600,2025-11-02,bitcoin,,,110014.13556776,2194075979770.06,24938475577.85,,,,,,,,,coingecko_historical
1762128000,2025-11-03,bitcoin,,,110650.20928231,2201849942058.28,35098774843.77,,,,,,,,,coingecko_historical
1762214400,2025-11-04,bitcoin,,,106521.08673826,2123664079961.70,75068433317.86,,,,,,,,,coingecko_historical
1762300800,2025-11-05,bitcoin,,,101635.27402272,2026091188341.18,108965721650.60,,,,,,,,,coingecko_historical
1762387200,2025-11-06,bitcoin,,,103877.95965955,2073000557933.80,77083907216.63,,,,,,,,,coingecko_historical
1762473600,2025-11-07,bitcoin,,,101322.64029459,2019147576692.26,64118217249.57,,,,,,,,,coingecko_historical
1762560000,2025-11-08,bitcoin,,,103396.08421593,2063021740892.14,93627003785.31,,,,,,,,,coingecko_historical
1762646400,2025-11-09,bitcoin,,,102290.13714655,2039995976869.15,51095924202.32,,,,,,,,,coingecko_historical
1762732800,2025-11-10,bitcoin,,,104709.67861656,2086419359800.05,59952468437.72,,,,,,,,,coingecko_historical
1762819200,2025-11-11,bitcoin,,,105909.07272322,2112747067951.90,67546556819.53,,,,,,,,,coingecko_historical
1762905600,2025-11-12,bitcoin,,,102960.77564501,2053215927640.82,71008299178.74,,,,,,,,,coingecko_historical
1762992000,2025-11-13,bitcoin,,,101521.70859454,2025837265459.76,63332414142.59,,,,,,,,,coingecko_historical
1763078400,2025-11-14,bitcoin,,,99730.45339562,1996168972712.00,100463341916.47,,,,,,,,,coingecko_historical
1763164800,2025-11-15,bitcoin,,,94456.39368235,1891799949910.11,113198323665.39,,,,,,,,,coingecko_historical
1763251200,2025-11-16,bitcoin,,,95508.31019889,1905234340631.99,39062120798.24,,,,,,,,,coingecko_historical
1763337600,2025-11-17,bitcoin,,,94411.32947183,1883240679702.74,72645149972.78,,,,,,,,,coingecko_historical
1763356392,2025-11-17,bitcoin,,,94895.58051485,1895203361891.53,77278551056.08,,,,,,,,,coingecko_historical
1731888000,2024-11-18,ethereum,,,3075.53453260,370225690651.51,28547657381.28,,,,,,,,,coingecko_historical
1731974400,2024-11-19,ethereum,,,3209.42390733,386129534586.85,35364731418.00,,,,,,,,,coingecko_historical
1732060800,2024-11-20,ethereum,,,3112.90980102,374925759373.26,29767245881.04,,,,,,,,,coingecko_historical
1732147200,2024-11-21,ethereum,,,3075.19385665,370266265216.92,29508936260.35,,,,,,,,,coingecko_historical
1732233600,2024-11-22,ethereum,,,3365.93697155,405284044226.12,55714132904.98,,,,,,,,,coingecko_historical
1732320000,2024-11-23,ethereum,,,3327.75719517,400787854559.33,36536922518.79,,,,,,,,,coingecko_historical
1732406400,2024-11-24,ethereum,,,3394.03696178,408448492183.20,42885423857.48,,,,,,,,,coingecko_historical
1732492800,2024-11-25,ethereum,,,3368.70276194,405718851021.49,30123422893.99,,,,,,,,,coingecko_historical
1732579200,2024-11-26,ethereum,,,3417.29122369,411314588853.18,53625394443.87,,,,,,,,,coingecko_historical
1732665600,2024-11-27,ethereum,,,3325.63653259,400706261382.18,41896722105.13,,,,,,,,,coingecko_historical
1732752000,2024-11-28,ethereum,,,3666.18849044,441632729137.71,48465294233.33,,,,,,,,,coingecko_historical
1732838400,2024-11-29,ethereum,,,3579.24078625,431207272220.64,33082767875.13,,,,,,,,,coingecko_historical
1732924800,2024-11-30,ethereum,,,3598.19332123,433361301691.36,28800628431.22,,,,,,,,,coingecko_historical
1733011200,2024-12-01,ethereum,,,3709.90943911,446851521665.91,31961998508.23,,,,,,,,,coingecko_historical
1733097600,2024-12-02,ethereum,,,3708.80723874,446664514864.59,29705280034.46,,,,,,,,,coingecko_historical
1733184000,2024-12-03,ethereum,,,3643.85537570,438825980701.30,49031522663.41,,,,,,,,,coingecko_historical
1733270400,2024-12-04,ethereum,,,3625.71045795,436691206026.37,39557549415.35,,,,,,,,,coingecko_historical
1733356800,2024-12-05,ethereum,,,3839.44346072,462490222624.57,59744855714.20,,,,,,,,,coingecko_historical
1733443200,2024-12-06,ethereum,,,3796.86886716,457067221118.44,64995601294.50,,,,,,,,,coingecko_historical
1733529600,2024-12-07,ethereum,,,4013.72614539,483422504163.84,55954471926.67,,,,,,,,,coingecko_historical
1733616000,2024-12-08,ethereum,,,4000.99207650,481889176555.68,21959792763.54,,,,,,,,,coingecko_historical
1733702400,2024-12-09,ethereum,,,4015.78202123,483642898147.50,20728146237.13,,,,,,,,,coingecko_historical
1733788800,2024-12-10,ethereum,,,3713.31389800,446571271919.99,59141397866.10,,,,,,,,,coingecko_historical
1733875200,2024-12-11,ethereum,,,3626.58864178,436749626813.99,63643513993.15,,,,,,,,,coingecko_historical
1733961600,2024-12-12,ethereum,,,3828.10758834,461075934206.22,38471623681.41,,,,,,,,,coingecko_historical
1734048000,2024-12-13,ethereum,,,3878.85001207,466883095805.39,47474608675.34,,,,,,,,,coingecko_historical
1734134400,2024-12-14,ethereum,,,3907.42965951,470469907671.54,36218321642.50,,,,,,,,,coingecko_historical
1734220800,2024-12-15,ethereum,,,3866.99580203,465713274663.64,28647722345.41,,,,,,,,,coingecko_historical
1734307200,2024-12-16,ethereum,,,3961.31546618,477323245356.16,24816850994.81,,,,,,,,,coingecko_historical
1734393600,2024-12-17,ethereum,,,3992.85719585,480940541314.61,50679799770.94,,,,,,,,,coingecko_historical
1734480000,2024-12-18,ethereum,,,3879.40622401,467508439297.99,32823036037.58,,,,,,,,,coingecko_historical
1734566400,2024-12-19,ethereum,,,3628.26247804,436893612673.40,50734709374.83,,,,,,,,,coingecko_historical
1734652800,2024-12-20,ethereum,,,3434.67546954,413858693686.70,64452959600.86,,,,,,,,,coingecko_historical
1734739200,2024-12-21,ethereum,,,3468.65892006,417562064054.37,72936574193.46,,,,,,,,,coingecko_historical
1734825600,2024-12-22,ethereum,,,3337.59722312,401314595520.45,32479699770.04,,,,,,,,,coingecko_historical
1734912000,2024-12-23,ethereum,,,3275.88942740,394984656581.52,25811397925.98,,,,,,,,,coingecko_historical
1734998400,2024-12-24,ethereum,,,3414.64144198,411423031050.55,35528067791.10,,,,,,,,,coingecko_historical
1735084800,2024-12-25,ethereum,,,3497.55528793,420708095541.68,24085249644.32,,,,,,,,,coingecko_historical
1735171200,2024-12-26,ethereum,,,3494.51092736,421029544401.60,17503804977.00,,,,,,,,,coingecko_historical
1735257600,2024-12-27,ethereum,,,3327.78977617,401038436756.23,21239977785.95,,,,,,,,,coingecko_historical
1735344000,2024-12-28,ethereum,,,3328.61115531,400705550098.43,24582312087.17,,,,,,,,,coingecko_historical
1735430400,2024-12-29,ethereum,,,3397.83412051,409451576911.00,13861298668.65,,,,,,,,,coingecko_historical
1735516800,2024-12-30,ethereum,,,3357.33074297,404459649875.76,11315432322.37,,,,,,,,,coingecko_historical
1735603200,2024-12-31,ethereum,,,3359.51394176,404631151447.32,27664137021.81,,,,,,,,,coingecko_historical
1735689600,2025-01-01,ethereum,,,3336.61751377,401972899891.30,21466394178.62,,,,,,,,,coingecko_historical
1735776000,2025-01-02,ethereum,,,3348.96724712,403374380145.70,13440599794.35,,,,,,,,,coingecko_historical
1735862400,2025-01-03,ethereum,,,3448.14043696,415300548992.11,22683249623.05,,,,,,,,,coingecko_historical
1735948800,2025-01-04,ethereum,,,3604.29137959,434290507752.41,22019312215.31,,,,,,,,,coingecko_historical
1736035200,2025-01-05,ethereum,,,3660.37804174,441117087325.00,15951962220.78,,,,,,,,,coingecko_historical
1736121600,2025-01-06,ethereum,,,3635.85499618,438092711283.23,12542101206.56,,,,,,,,,coingecko_historical
1736208000,2025-01-07,ethereum,,,3687.14471406,444015369643.70,24440100572.59,,,,,,,,,coingecko_historical
1736294400,2025-01-08,ethereum,,,3380.02112631,406968109533.23,32832589510.81,,,,,,,,,coingecko_historical
1736380800,2025-01-09,ethereum,,,3325.13002935,400602495132.53,35080974963.72,,,,,,,,,coingecko_historical
1736467200,2025-01-10,ethereum,,,3219.09284476,388324291231.47,30096896683.04,,,,,,,,,coingecko_historical
1736553600,2025-01-11,ethereum,,,3269.17599541,394101246876.45,26722437003.96,,,,,,,,,coingecko_historical
1736640000,2025-01-12,ethereum,,,3283.59132283,395839071861.32,11047744222.74,,,,,,,,,coingecko_historical
1736726400,2025-01-13,ethereum,,,3264.07096853,393199349088.33,9699706283.26,,,,,,,,,coingecko_historical
1736812800,2025-01-14,ethereum,,,3134.55203946,377643507549.01,41743898872.02,,,,,,,,,coingecko_historical
1736899200,2025-01-15,ethereum,,,3224.80064834,388487746270.39,22365842880.81,,,,,,,,,coingecko_historical
1736985600,2025-01-16,ethereum,,,3447.03404767,415058425772.06,23773995063.83,,,,,,,,,coingecko_historical
1737072000,2025-01-17,ethereum,,,3309.44661399,398587196539.92,25012556602.91,,,,,,,,,coingecko_historical
1737158400,2025-01-18,ethereum,,,3477.28428508,419024911827.79,27778832363.77,,,,,,,,,coingecko_historical
1737244800,2025-01-19,ethereum,,,3309.09956762,398761138447.40,32195594202.13,,,,,,,,,coingecko_historical
1737331200,2025-01-20,ethereum,,,3208.13654399,388676714260.87,59678736709.75,,,,,,,,,coingecko_historical
1737417600,2025-01-21,ethereum,,,3263.06986988,393073139255.55,49563768850.78,,,,,,,,,coingecko_historical
1737504000,2025-01-22,ethereum,,,3326.02854047,400135429379.41,33762939512.70,,,,,,,,,coingecko_historical
1737590400,2025-01-23,ethereum,,,3237.29966713,390083338462.87,21782301388.38,,,,,,,,,coingecko_historical
1737676800,2025-01-24,ethereum,,,3332.58089315,401547418905.65,33863218042.43,,,,,,,,,coingecko_historical
1737763200,2025-01-25,ethereum,,,3311.84998387,398942774193.46,25895320216.87,,,,,,,,,coingecko_historical
1737849600,2025-01-26,ethereum,,,3320.13141018,400427749273.57,12706329663.41,,,,,,,,,coingecko_historical
1737936000,2025-01-27,ethereum,,,3232.27677447,390058879989.86,13000445022.22,,,,,,,,,coingecko_historical
1738022400,2025-01-28,ethereum,,,3173.53460794,382221069555.61,41151086046.08,,,,,,,,,coingecko_historical
1738108800,2025-01-29,ethereum,,,3076.49376929,370532757630.74,19807794444.48,,,,,,,,,coingecko_historical
1738195200,2025-01-30,ethereum,,,3114.43588544,375574817164.76,22051422147.78,,,,,,,,,coingecko_historical
1738281600,2025-01-31,ethereum,,,3248.24948435,391509879851.79,19504592311.36,,,,,,,,,coingecko_historical
1738368000,2025-02-01,ethereum,,,3296.39063484,396910231325.11,31441846706.25,,,,,,,,,coingecko_historical
1738454400,2025-02-02,ethereum,,,3125.03868013,376840076476.98,18969060074.55,,,,,,,,,coingecko_historical
1738540800,2025-02-03,ethereum,,,2862.69761887,344091054313.72,38896518795.21,,,,,,,,,coingecko_historical
1738627200,2025-02-04,ethereum,,,2877.81382395,346820394641.11,96588727629.46,,,,,,,,,coingecko_historical
1738713600,2025-02-05,ethereum,,,2740.38097628,329090090858.62,52737830809.63,,,,,,,,,coingecko_historical
1738800000,2025-02-06,ethereum,,,2790.55216093,335828291113.45,30026391038.27,,,,,,,,,coingecko_historical
1738886400,2025-02-07,ethereum,,,2686.66231679,323756512126.75,31349967107.98,,,,,,,,,coingecko_historical
1738972800,2025-02-08,ethereum,,,2623.45070178,315636240722.98,30948837988.08,,,,,,,,,coingecko_historical
1739059200,2025-02-09,ethereum,,,2635.60114180,317758860998.56,16335613332.59,,,,,,,,,coingecko_historical
1739145600,2025-02-10,ethereum,,,2632.53582206,317369673472.61,17155535243.91,,,,,,,,,coingecko_historical
1739232000,2025-02-11,ethereum,,,2660.29679964,320711545303.19,18843420567.43,,,,,,,,,coingecko_historical
1739318400,2025-02-12,ethereum,,,2603.03336980,313943237177.07,21212910085.21,,,,,,,,,coingecko_historical
1739404800,2025-02-13,ethereum,,,2736.27031360,329492522913.44,26503660438.85,,,,,,,,,coingecko_historical
1739491200,2025-02-14,ethereum,,,2675.70900070,322584072350.28,18938191215.30,,,,,,,,,coingecko_historical
1739577600,2025-02-15,ethereum,,,2724.66983359,328399065363.06,17416785872.70,,,,,,,,,coingecko_historical
1739664000,2025-02-16,ethereum,,,2692.82138639,324625278431.53,8896321414.56,,,,,,,,,coingecko_historical
1739750400,2025-02-17,ethereum,,,2659.90174741,320529173059.01,8757895115.48,,,,,,,,,coingecko_historical
1739836800,2025-02-18,ethereum,,,2741.90508010,330464530098.92,24666373348.43,,,,,,,,,coingecko_historical
1739923200,2025-02-19,ethereum,,,2669.49450069,321688672383.75,24353300611.51,,,,,,,,,coingecko_historical
1740009600,2025-02-20,ethereum,,,2714.80183647,327248168186.76,13398586820.91,,,,,,,,,coingecko_historical
1740096000,2025-02-21,ethereum,,,2741.59336260,330517520397.10,14550027648.52,,,,,,,,,coingecko_historical
1740182400,2025-02-22,ethereum,,,2658.34709429,320508273451.56,31770375573.39,,,,,,,,,coingecko_historical
1740268800,2025-02-23,ethereum,,,2764.35523340,333381856893.82,17576653979.15,,,,,,,,,coingecko_historical
1740355200,2025-02-24,ethereum,,,2827.18440849,340712999974.14,21394599890.27,,,,,,,,,coingecko_historical
1740441600,2025-02-25,ethereum,,,2503.10342010,301769340440.05,31014455208.76,,,,,,,,,coingecko_historical
1740528000,2025-02-26,ethereum,,,2495.31545169,301064649480.55,42875934003.32,,,,,,,,,coingecko_historical
1740614400,2025-02-27,ethereum,,,2325.85393470,280668025121.23,28109120496.70,,,,,,,,,coingecko_historical
1740700800,2025-02-28,ethereum,,,2305.32293780,277936135130.74,89259450649.58,,,,,,,,,coingecko_historical
1740787200,2025-03-01,ethereum,,,2235.20420861,269516471615.16,32905594283.01,,,,,,,,,coingecko_historical
1740873600,2025-03-02,ethereum,,,2212.82435150,266823935338.24,16103021679.02,,,,,,,,,coingecko_historical
1740960000,2025-03-03,ethereum,,,2517.33823916,303306117779.77,37907412347.33,,,,,,,,,coingecko_historical
1741046400,2025-03-04,ethereum,,,2148.19953347,259111889993.76,33501080617.48,,,,,,,,,coingecko_historical
1741132800,2025-03-05,ethereum,,,2171.49694354,261805780842.55,35524086282.77,,,,,,,,,coingecko_historical
1741219200,2025-03-06,ethereum,,,2241.38411492,270490243838.01,22236307931.76,,,,,,,,,coingecko_historical
1741305600,2025-03-07,ethereum,,,2202.32073635,265270135615.10,19895800679.33,,,,,,,,,coingecko_historical
1741392000,2025-03-08,ethereum,,,2140.74980894,257899503839.81,21716710066.09,,,,,,,,,coingecko_historical
1741478400,2025-03-09,ethereum,,,2199.99950008,265129957012.70,11257666715.80,,,,,,,,,coingecko_historical
1741564800,2025-03-10,ethereum,,,2017.26546018,243298514477.01,17577023963.69,,,,,,,,,coingecko_historical
1741651200,2025-03-11,ethereum,,,1879.12310550,226713493940.29,36577317615.22,,,,,,,,,coingecko_historical
1741737600,2025-03-12,ethereum,,,1921.30992276,232024934655.64,30046602111.89,,,,,,,,,coingecko_historical
1741824000,2025-03-13,ethereum,,,1910.65513810,230443739229.91,24499314730.70,,,,,,,,,coingecko_historical
1741910400,2025-03-14,ethereum,,,1862.79493665,224658866951.87,19212414462.18,,,,,,,,,coingecko_historical
1741996800,2025-03-15,ethereum,,,1910.66627035,230476916425.02,12949972214.27,,,,,,,,,coingecko_historical
1742083200,2025-03-16,ethereum,,,1939.78568817,233970291611.37,6944891086.05,,,,,,,,,coingecko_historical
1742169600,2025-03-17,ethereum,,,1887.76434297,227688957214.28,9486242392.18,,,,,,,,,coingecko_historical
1742256000,2025-03-18,ethereum,,,1929.18335776,232725366276.40,11251166846.25,,,,,,,,,coingecko_historical
1742342400,2025-03-19,ethereum,,,1932.79640591,233152161415.72,10887619567.39,,,,,,,,,coingecko_historical
1742428800,2025-03-20,ethereum,,,2060.72860107,248434080718.19,20374739988.65,,,,,,,,,coingecko_historical
1742515200,2025-03-21,ethereum,,,1980.83178052,238984217654.17,14303790085.62,,,,,,,,,coingecko_historical
1742601600,2025-03-22,ethereum,,,1964.52938332,236980043535.89,9890112887.28,,,,,,,,,coingecko_historical
1742688000,2025-03-23,ethereum,,,1979.54492577,238753335160.58,6195605844.54,,,,,,,,,coingecko_historical
1742774400,2025-03-24,ethereum,,,2001.04702310,241404254258.08,7991413702.68,,,,,,,,,coingecko_historical
1742860800,2025-03-25,ethereum,,,2077.73932583,250648654235.63,15676451247.55,,,,,,,,,coingecko_historical
1742947200,2025-03-26,ethereum,,,2068.59843505,249404519198.06,12563169733.01,,,,,,,,,coingecko_historical
1743033600,2025-03-27,ethereum,,,2009.88354329,242347645799.66,14024859854.91,,,,,,,,,coingecko_historical
1743120000,2025-03-28,ethereum,,,2003.30342413,241580699763.48,12136188059.42,,,,,,,,,coingecko_historical
1743206400,2025-03-29,ethereum,,,1896.91736005,228784244898.25,18419487648.40,,,,,,,,,coingecko_historical
1743292800,2025-03-30,ethereum,,,1829.27452118,220262156018.89,12924117064.88,,,,,,,,,coingecko_historical
1743379200,2025-03-31,ethereum,,,1805.33787794,217784813538.98,10056531345.16,,,,,,,,,coingecko_historical
1743465600,2025-04-01,ethereum,,,1824.20713676,219908040559.45,17022367813.89,,,,,,,,,coingecko_historical
1743552000,2025-04-02,ethereum,,,1907.16715230,230031614721.63,15899367803.55,,,,,,,,,coingecko_historical
1743638400,2025-04-03,ethereum,,,1795.76185057,216667567217.01,23450470660.98,,,,,,,,,coingecko_historical
1743724800,2025-04-04,ethereum,,,1818.28441995,219762279056.23,16999031833.16,,,,,,,,,coingecko_historical
1743811200,2025-04-05,ethereum,,,1814.48077534,218925876283.94,19459233591.30,,,,,,,,,coingecko_historical
1743897600,2025-04-06,ethereum,,,1809.93582717,217957146409.93,6780827627.55,,,,,,,,,coingecko_historical
1743984000,2025-04-07,ethereum,,,1574.63216115,190295586491.22,23485484227.16,,,,,,,,,coingecko_historical
1744070400,2025-04-08,ethereum,,,1555.90981257,188565143892.71,49416724296.56,,,,,,,,,coingecko_historical
1744156800,2025-04-09,ethereum,,,1471.36088544,177496121145.53,22451028357.38,,,,,,,,,coingecko_historical
1744243200,2025-04-10,ethereum,,,1662.53316046,200623016236.85,41589589714.85,,,,,,,,,coingecko_historical
1744329600,2025-04-11,ethereum,,,1523.92862424,183947227079.43,20486375929.11,,,,,,,,,coingecko_historical
1744416000,2025-04-12,ethereum,,,1568.13169013,189185664203.68,14195085224.78,,,,,,,,,coingecko_historical
1744502400,2025-04-13,ethereum,,,1645.86257332,198696438258.60,11756571644.48,,,,,,,,,coingecko_historical
1744588800,2025-04-14,ethereum,,,1595.42274600,192382635779.78,13775001676.61,,,,,,,,,coingecko_historical
1744675200,2025-04-15,ethereum,,,1621.54319560,195686083638.75,15415724739.82,,,,,,,,,coingecko_historical
1744761600,2025-04-16,ethereum,,,1587.82222440,191837036865.40,11786525215.18,,,,,,,,,coingecko_historical
1744848000,2025-04-17,ethereum,,,1577.70735168,190419833063.12,13120084885.87,,,,,,,,,coingecko_historical
1744934400,2025-04-18,ethereum,,,1583.47644970,191135638825.24,9437178720.87,,,,,,,,,coingecko_historical
1745020800,2025-04-19,ethereum,,,1589.15162083,191865697060.92,5254078676.88,,,,,,,,,coingecko_historical
1745107200,2025-04-20,ethereum,,,1615.05025492,194945047366.35,5148626529.40,,,,,,,,,coingecko_historical
1745193600,2025-04-21,ethereum,,,1585.46002534,191374869502.39,6695768150.02,,,,,,,,,coingecko_historical
1745280000,2025-04-22,ethereum,,,1577.44655959,190376888818.47,15275062279.39,,,,,,,,,coingecko_historical
1745366400,2025-04-23,ethereum,,,1759.70645993,212582611840.14,24271980430.95,,,,,,,,,coingecko_historical
1745452800,2025-04-24,ethereum,,,1793.96984949,216572719914.55,22099177230.62,,,,,,,,,coingecko_historical
1745539200,2025-04-25,ethereum,,,1769.39251074,213593284213.58,12923295609.97,,,,,,,,,coingecko_historical
1745625600,2025-04-26,ethereum,,,1788.79818043,215954892518.00,15656748328.78,,,,,,,,,coingecko_historical
1745712000,2025-04-27,ethereum,,,1821.26953033,219830529458.71,10293614895.78,,,,,,,,,coingecko_historical
1745798400,2025-04-28,ethereum,,,1793.69184407,216533502206.27,9632458065.11,,,,,,,,,coingecko_historical
1745884800,2025-04-29,ethereum,,,1799.50191449,217264115049.68,16777384305.89,,,,,,,,,coingecko_historical
1745971200,2025-04-30,ethereum,,,1796.97204568,216596941729.72,13994558644.12,,,,,,,,,coingecko_historical
1746057600,2025-05-01,ethereum,,,1794.04954086,216623334477.08,13644627083.29,,,,,,,,,coingecko_historical
1746144000,2025-05-02,ethereum,,,1838.85432859,221969602979.55,14310565589.05,,,,,,,,,coingecko_historical
1746230400,2025-05-03,ethereum,,,1841.42759084,222269022299.28,11686301446.49,,,,,,,,,coingecko_historical
1746316800,2025-05-04,ethereum,,,1834.50191188,221494950784.03,6704990478.82,,,,,,,,,coingecko_historical
1746403200,2025-05-05,ethereum,,,1808.15609384,218216268630.87,7479845748.83,,,,,,,,,coingecko_historical
1746489600,2025-05-06,ethereum,,,1820.00445989,219769896301.20,10545233503.35,,,,,,,,,coingecko_historical
1746576000,2025-05-07,ethereum,,,1816.16869438,219305875804.56,11950393736.53,,,,,,,,,coingecko_historical
1746662400,2025-05-08,ethereum,,,1810.31692693,218569578701.42,47111217119.50,,,,,,,,,coingecko_historical
1746748800,2025-05-09,ethereum,,,2197.56118932,264994998215.94,35992825075.05,,,,,,,,,coingecko_historical
1746835200,2025-05-10,ethereum,,,2341.40796300,282636716534.09,44566779461.55,,,,,,,,,coingecko_historical
1746921600,2025-05-11,ethereum,,,2583.68290514,312095621694.14,29947910159.03,,,,,,,,,coingecko_historical
1747008000,2025-05-12,ethereum,,,2507.46931076,302727255563.51,26138286410.23,,,,,,,,,coingecko_historical
1747094400,2025-05-13,ethereum,,,2492.42639108,300976824863.03,31524626114.98,,,,,,,,,coingecko_historical
1747180800,2025-05-14,ethereum,,,2676.63916313,322977150438.36,32279895881.64,,,,,,,,,coingecko_historical
1747267200,2025-05-15,ethereum,,,2603.71808872,314022060127.05,28150234190.93,,,,,,,,,coingecko_historical
1747353600,2025-05-16,ethereum,,,2542.29669247,306933361055.93,26211434557.72,,,,,,,,,coingecko_historical
1747440000,2025-05-17,ethereum,,,2544.38703772,307619694635.77,21130441534.97,,,,,,,,,coingecko_historical
1747526400,2025-05-18,ethereum,,,2475.05439337,298789831687.00,17185510890.70,,,,,,,,,coingecko_historical
1747612800,2025-05-19,ethereum,,,2465.34098561,296863390804.25,24797434472.36,,,,,,,,,coingecko_historical
1747699200,2025-05-20,ethereum,,,2526.98964389,305077067863.08,25363871274.83,,,,,,,,,coingecko_historical
1747785600,2025-05-21,ethereum,,,2524.27434331,304737250158.37,22871462735.42,,,,,,,,,coingecko_historical
1747872000,2025-05-22,ethereum,,,2558.95023438,308934701949.72,32697477527.55,,,,,,,,,coingecko_historical
1747958400,2025-05-23,ethereum,,,2657.16744476,320733890913.40,29592612076.51,,,,,,,,,coingecko_historical
1748044800,2025-05-24,ethereum,,,2519.81380905,304038733414.04,30047329191.50,,,,,,,,,coingecko_historical
1748131200,2025-05-25,ethereum,,,2529.44298423,305369227833.42,10744994421.19,,,,,,,,,coingecko_historical
1748217600,2025-05-26,ethereum,,,2546.62011634,307423642894.07,13814697849.73,,,,,,,,,coingecko_historical
1748304000,2025-05-27,ethereum,,,2562.17292864,309319360637.78,13350148034.29,,,,,,,,,coingecko_historical
1748390400,2025-05-28,ethereum,,,2662.09405682,321357595434.52,26434151855.25,,,,,,,,,coingecko_historical
1748476800,2025-05-29,ethereum,,,2676.26741245,323119009777.14,18008588586.28,,,,,,,,,coingecko_historical
1748563200,2025-05-30,ethereum,,,2633.13920653,317891224562.88,27021441335.52,,,,,,,,,coingecko_historical
1748649600,2025-05-31,ethereum,,,2524.47623481,304659964725.22,22927149330.30,,,,,,,,,coingecko_historical
1748736000,2025-06-01,ethereum,,,2532.36278531,305718505778.76,13006751258.19,,,,,,,,,coingecko_historical
1748822400,2025-06-02,ethereum,,,2538.33005844,306561765778.24,11338340571.11,,,,,,,,,coingecko_historical
1748908800,2025-06-03,ethereum,,,2609.73725396,314999579353.96,15623967732.42,,,,,,,,,coingecko_historical
1748995200,2025-06-04,ethereum,,,2595.46895701,313315832347.02,15955008730.34,,,,,,,,,coingecko_historical
1749081600,2025-06-05,ethereum,,,2610.34318983,315159803382.89,16809606446.18,,,,,,,,,coingecko_historical
1749168000,2025-06-06,ethereum,,,2421.60110376,292341916400.95,25849573159.65,,,,,,,,,coingecko_historical
1749254400,2025-06-07,ethereum,,,2481.40398367,299560106673.76,18395107930.48,,,,,,,,,coingecko_historical
1749340800,2025-06-08,ethereum,,,2526.29199589,304953508465.05,9535426814.69,,,,,,,,,coingecko_historical
1749427200,2025-06-09,ethereum,,,2508.78412358,302870081038.26,10206893115.54,,,,,,,,,coingecko_historical
1749513600,2025-06-10,ethereum,,,2685.00018504,324315565109.12,19485734665.29,,,,,,,,,coingecko_historical
1749600000,2025-06-11,ethereum,,,2808.50320831,339012253954.42,38281210143.95,,,,,,,,,coingecko_historical
1749686400,2025-06-12,ethereum,,,2776.13719158,334990282503.40,27369030837.55,,,,,,,,,coingecko_historical
1749772800,2025-06-13,ethereum,,,2653.15896845,320595535562.53,26068993569.97,,,,,,,,,coingecko_historical
1749859200,2025-06-14,ethereum,,,2577.04861753,311111352117.73,38576471746.01,,,,,,,,,coingecko_historical
1749945600,2025-06-15,ethereum,,,2534.07021954,306048481935.16,12077031034.29,,,,,,,,,coingecko_historical
1750032000,2025-06-16,ethereum,,,2547.84560409,307537228689.27,11678912429.51,,,,,,,,,coingecko_historical
1750118400,2025-06-17,ethereum,,,2561.32984357,309982828015.91,24222149649.17,,,,,,,,,coingecko_historical
1750204800,2025-06-18,ethereum,,,2514.98670058,303697873489.69,25926506708.04,,,,,,,,,coingecko_historical
1750291200,2025-06-19,ethereum,,,2521.33342340,304290652058.44,17800721253.24,,,,,,,,,coingecko_historical
1750377600,2025-06-20,ethereum,,,2522.17919036,304481216643.12,10392473841.16,,,,,,,,,coingecko_historical
1750464000,2025-06-21,ethereum,,,2405.69543421,290401843920.23,20482816663.29,,,,,,,,,coingecko_historical
1750550400,2025-06-22,ethereum,,,2270.58199606,273839538572.26,16155611764.85,,,,,,,,,coingecko_historical
1750636800,2025-06-23,ethereum,,,2227.42872664,268777741291.44,28181442532.32,,,,,,,,,coingecko_historical
1750723200,2025-06-24,ethereum,,,2423.89964427,292612668627.39,25494295400.42,,,,,,,,,coingecko_historical
1750809600,2025-06-25,ethereum,,,2446.53930155,295402538889.65,19669025068.96,,,,,,,,,coingecko_historical
1750896000,2025-06-26,ethereum,,,2417.22678553,291827501114.88,15513055665.26,,,,,,,,,coingecko_historical
1750982400,2025-06-27,ethereum,,,2415.03186488,291547094716.22,16271811388.72,,,,,,,,,coingecko_historical
1751068800,2025-06-28,ethereum,,,2423.03028967,292419308271.87,13100825617.82,,,,,,,,,coingecko_historical
1751155200,2025-06-29,ethereum,,,2437.13300178,294208600645.25,5787313890.54,,,,,,,,,coingecko_historical
1751241600,2025-06-30,ethereum,,,2502.66727212,302158279316.22,10236257918.83,,,,,,,,,coingecko_historical
1751328000,2025-07-01,ethereum,,,2488.19078169,300388851494.50,16306915984.94,,,,,,,,,coingecko_historical
1751414400,2025-07-02,ethereum,,,2405.10455928,290294455719.48,12933967031.52,,,,,,,,,coingecko_historical
1751500800,2025-07-03,ethereum,,,2574.06771850,310930535640.43,21862573614.18,,,,,,,,,coingecko_historical
1751587200,2025-07-04,ethereum,,,2590.13223159,312621047413.04,19823369642.63,,,,,,,,,coingecko_historical
1751673600,2025-07-05,ethereum,,,2509.23634578,302827514359.61,16377116416.19,,,,,,,,,coingecko_historical
1751760000,2025-07-06,ethereum,,,2517.37917835,304028836772.57,6801276942.28,,,,,,,,,coingecko_historical
1751846400,2025-07-07,ethereum,,,2571.35819212,310345645222.75,9051659015.95,,,,,,,,,coingecko_historical
1751932800,2025-07-08,ethereum,,,2543.63170281,307013209348.51,15947822897.05,,,,,,,,,coingecko_historical
1752019200,2025-07-09,ethereum,,,2615.77598889,315738597830.34,14750377128.58,,,,,,,,,coingecko_historical
1752105600,2025-07-10,ethereum,,,2772.57956266,335050165487.70,26626246774.24,,,,,,,,,coingecko_historical
1752192000,2025-07-11,ethereum,,,2948.44620270,355346738000.49,39308824585.23,,,,,,,,,coingecko_historical
1752278400,2025-07-12,ethereum,,,2958.85144510,357144054434.92,42455550664.55,,,,,,,,,coingecko_historical
1752364800,2025-07-13,ethereum,,,2942.96160554,355216449018.52,17472135946.60,,,,,,,,,coingecko_historical
1752451200,2025-07-14,ethereum,,,2974.26549523,359110100026.36,18605172049.09,,,,,,,,,coingecko_historical
1752537600,2025-07-15,ethereum,,,3012.17970691,363606274489.51,41336421998.04,,,,,,,,,coingecko_historical
1752624000,2025-07-16,ethereum,,,3133.06985775,378233206915.82,43416230283.77,,,,,,,,,coingecko_historical
1752710400,2025-07-17,ethereum,,,3368.12652153,406599729410.54,54882159731.03,,,,,,,,,coingecko_historical
1752796800,2025-07-18,ethereum,,,3481.88281524,420347293649.25,45678965280.67,,,,,,,,,coingecko_historical
1752883200,2025-07-19,ethereum,,,3547.31707900,427841866746.57,72535524453.98,,,,,,,,,coingecko_historical
1752969600,2025-07-20,ethereum,,,3594.31850108,433877664505.94,27017909119.38,,,,,,,,,coingecko_historical
1753056000,2025-07-21,ethereum,,,3758.60558181,453825859015.22,55175056732.09,,,,,,,,,coingecko_historical
1753142400,2025-07-22,ethereum,,,3765.45362402,454513156113.66,47245582310.61,,,,,,,,,coingecko_historical
1753228800,2025-07-23,ethereum,,,3746.94066873,452355960897.77,52357062545.19,,,,,,,,,coingecko_historical
1753315200,2025-07-24,ethereum,,,3630.05353148,438111570682.85,47655045407.90,,,,,,,,,coingecko_historical
1753401600,2025-07-25,ethereum,,,3708.42993524,447620332487.87,47332291813.01,,,,,,,,,coingecko_historical
1753488000,2025-07-26,ethereum,,,3723.05290928,449379722345.44,48622472830.12,,,,,,,,,coingecko_historical
1753574400,2025-07-27,ethereum,,,3742.43142587,451746443518.38,25352434514.73,,,,,,,,,coingecko_historical
1753660800,2025-07-28,ethereum,,,3864.12483747,466077664312.28,26045280361.31,,,,,,,,,coingecko_historical
1753747200,2025-07-29,ethereum,,,3786.30384600,457680388920.67,38743589826.42,,,,,,,,,coingecko_historical
1753833600,2025-07-30,ethereum,,,3788.59837161,457213828532.12,34923369443.87,,,,,,,,,coingecko_historical
1753920000,2025-07-31,ethereum,,,3807.41660108,459449027043.40,28710848449.75,,,,,,,,,coingecko_historical
1754006400,2025-08-01,ethereum,,,3696.66285309,446264222707.44,31312115686.90,,,,,,,,,coingecko_historical
1754092800,2025-08-02,ethereum,,,3483.17895516,420327732498.14,42431734230.15,,,,,,,,,coingecko_historical
1754179200,2025-08-03,ethereum,,,3397.48554841,410229849339.57,28164675444.90,,,,,,,,,coingecko_historical
1754265600,2025-08-04,ethereum,,,3497.57312782,422223994717.47,18338718249.17,,,,,,,,,coingecko_historical
1754352000,2025-08-05,ethereum,,,3715.70901486,448517239894.43,28536476594.95,,,,,,,,,coingecko_historical
1754438400,2025-08-06,ethereum,,,3612.44243224,436373875222.19,29411744198.37,,,,,,,,,coingecko_historical
1754524800,2025-08-07,ethereum,,,3684.04591957,444737780081.91,23256150904.88,,,,,,,,,coingecko_historical
1754611200,2025-08-08,ethereum,,,3911.26094627,471838906504.68,31981627910.71,,,,,,,,,coingecko_historical
1754697600,2025-08-09,ethereum,,,4012.97697001,484483868122.18,37861934037.35,,,,,,,,,coingecko_historical
1754784000,2025-08-10,ethereum,,,4265.56325833,514414914903.26,37686735734.67,,,,,,,,,coingecko_historical
1754870400,2025-08-11,ethereum,,,4253.59161895,513073639261.62,26481154882.30,,,,,,,,,coingecko_historical
1754956800,2025-08-12,ethereum,,,4228.82421326,510225780028.62,43010572110.88,,,,,,,,,coingecko_historical
1755043200,2025-08-13,ethereum,,,4606.80942771,556502855391.52,52840297700.59,,,,,,,,,coingecko_historical
1755129600,2025-08-14,ethereum,,,4763.65253532,575091067506.12,58870844448.59,,,,,,,,,coingecko_historical
1755216000,2025-08-15,ethereum,,,4554.29150154,551514703070.46,66924319529.18,,,,,,,,,coingecko_historical
1755302400,2025-08-16,ethereum,,,4430.53246502,534578587192.13,50038927770.64,,,,,,,,,coingecko_historical
1755388800,2025-08-17,ethereum,,,4426.82691331,534150282399.65,21104759591.06,,,,,,,,,coingecko_historical
1755475200,2025-08-18,ethereum,,,4487.11801376,541923097741.91,28100356151.38,,,,,,,,,coingecko_historical
1755561600,2025-08-19,ethereum,,,4317.27575733,520793172158.06,43935703176.22,,,,,,,,,coingecko_historical
1755648000,2025-08-20,ethereum,,,4074.49578610,491872355111.47,41626342123.39,,,,,,,,,coingecko_historical
1755734400,2025-08-21,ethereum,,,4330.49159877,523004794309.38,39857177022.84,,,,,,,,,coingecko_historical
1755820800,2025-08-22,ethereum,,,4224.43859258,509951239220.54,21703206731.83,,,,,,,,,coingecko_historical
1755907200,2025-08-23,ethereum,,,4829.22554180,582817007170.42,61856673933.05,,,,,,,,,coingecko_historical
1755993600,2025-08-24,ethereum,,,4773.88408860,576242312916.05,27814037595.09,,,,,,,,,coingecko_historical
1756080000,2025-08-25,ethereum,,,4778.10916071,577227233251.87,41157770217.98,,,,,,,,,coingecko_historical
1756166400,2025-08-26,ethereum,,,4381.62617607,529509245849.71,48217069690.89,,,,,,,,,coingecko_historical
1756252800,2025-08-27,ethereum,,,4602.36968533,555061696726.73,35263906282.18,,,,,,,,,coingecko_historical
1756339200,2025-08-28,ethereum,,,4500.14514800,543608856125.47,35898825608.30,,,,,,,,,coingecko_historical
1756425600,2025-08-29,ethereum,,,4507.56043103,543249516158.12,29189873860.23,,,,,,,,,coingecko_historical
1756512000,2025-08-30,ethereum,,,4364.35852143,526830870964.31,38006835596.33,,,,,,,,,coingecko_historical
1756598400,2025-08-31,ethereum,,,4373.36035762,527539496668.25,19199178188.10,,,,,,,,,coingecko_historical
1756684800,2025-09-01,ethereum,,,4388.93146452,529740073153.05,22269795530.72,,,,,,,,,coingecko_historical
1756771200,2025-09-02,ethereum,,,4303.20222275,519534784996.72,31725195638.84,,,,,,,,,coingecko_historical
1756857600,2025-09-03,ethereum,,,4325.85630623,521450862214.86,32990260980.34,,,,,,,,,coingecko_historical
1756944000,2025-09-04,ethereum,,,4449.86709773,537549763927.14,30818352470.84,,,,,,,,,coingecko_historical
1757030400,2025-09-05,ethereum,,,4298.09466054,519319443328.15,29893273380.08,,,,,,,,,coingecko_historical
1757116800,2025-09-06,ethereum,,,4306.61351310,519830732357.04,37950930494.82,,,,,,,,,coingecko_historical
1757203200,2025-09-07,ethereum,,,4273.11002416,515852185188.92,14497961323.19,,,,,,,,,coingecko_historical
1757289600,2025-09-08,ethereum,,,4304.03242108,519663340480.02,14920604279.62,,,,,,,,,coingecko_historical
1757376000,2025-09-09,ethereum,,,4309.68570277,519912892077.15,26393884729.75,,,,,,,,,coingecko_historical
1757462400,2025-09-10,ethereum,,,4309.34274612,520461727067.36,28408982228.17,,,,,,,,,coingecko_historical
1757548800,2025-09-11,ethereum,,,4347.47680367,524803924739.00,34848418445.63,,,,,,,,,coingecko_historical
1757635200,2025-09-12,ethereum,,,4459.31901600,538261336997.61,33593064568.96,,,,,,,,,coingecko_historical
1757721600,2025-09-13,ethereum,,,4708.84174415,567724477218.36,39138140052.59,,,,,,,,,coingecko_historical
1757808000,2025-09-14,ethereum,,,4667.69965263,563397805739.79,30452117451.68,,,,,,,,,coingecko_historical
1757894400,2025-09-15,ethereum,,,4609.78611095,556354045428.22,23827529566.90,,,,,,,,,coingecko_historical
1757980800,2025-09-16,ethereum,,,4524.24493910,545926863107.32,33863743706.69,,,,,,,,,coingecko_historical
1758067200,2025-09-17,ethereum,,,4504.26663552,543407922913.01,28053763147.06,,,,,,,,,coingecko_historical
1758153600,2025-09-18,ethereum,,,4591.76879433,554600592896.18,41727122821.77,,,,,,,,,coingecko_historical
1758240000,2025-09-19,ethereum,,,4590.63673721,554210013387.61,29381752919.13,,,,,,,,,coingecko_historical
1758326400,2025-09-20,ethereum,,,4470.47947401,539242810184.07,28156319659.27,,,,,,,,,coingecko_historical
1758412800,2025-09-21,ethereum,,,4481.79947237,540941822331.27,14314030981.45,,,,,,,,,coingecko_historical
1758499200,2025-09-22,ethereum,,,4452.87113038,537406899904.40,15910684640.58,,,,,,,,,coingecko_historical
1758585600,2025-09-23,ethereum,,,4199.95177402,507148578276.27,52988093949.58,,,,,,,,,coingecko_historical
1758672000,2025-09-24,ethereum,,,4166.19054988,503209949445.43,29902684711.81,,,,,,,,,coingecko_historical
1758758400,2025-09-25,ethereum,,,4148.65682762,500734284408.36,29988924904.58,,,,,,,,,coingecko_historical
1758844800,2025-09-26,ethereum,,,3863.06328759,466825639887.38,63461265827.20,,,,,,,,,coingecko_historical
1758931200,2025-09-27,ethereum,,,4037.09792103,486889364203.27,43443403793.85,,,,,,,,,coingecko_historical
1759017600,2025-09-28,ethereum,,,4018.16745311,485207355886.11,17011629273.37,,,,,,,,,coingecko_historical
1759104000,2025-09-29,ethereum,,,4141.83966409,499628731251.12,21656522951.62,,,,,,,,,coingecko_historical
1759190400,2025-09-30,ethereum,,,4215.61278948,508909498092.12,34604598514.68,,,,,,,,,coingecko_historical
1759276800,2025-10-01,ethereum,,,4144.23046337,500218841768.30,34013325290.50,,,,,,,,,coingecko_historical
1759363200,2025-10-02,ethereum,,,4343.95198344,524308225825.15,42741046618.56,,,,,,,,,coingecko_historical
1759449600,2025-10-03,ethereum,,,4484.00624591,540553843152.34,41104321433.12,,,,,,,,,coingecko_historical
1759536000,2025-10-04,ethereum,,,4515.75906816,545075315730.45,45970576945.10,,,,,,,,,coingecko_historical
1759622400,2025-10-05,ethereum,,,4487.70665167,541611848322.80,20597928707.87,,,,,,,,,coingecko_historical
1759708800,2025-10-06,ethereum,,,4515.32139197,545075062109.96,40355486904.31,,,,,,,,,coingecko_historical
1759795200,2025-10-07,ethereum,,,4689.13173475,566339901682.95,41164885082.66,,,,,,,,,coingecko_historical
1759881600,2025-10-08,ethereum,,,4454.32846287,537522914209.85,49804861778.93,,,,,,,,,coingecko_historical
1759968000,2025-10-09,ethereum,,,4527.57800455,546454608029.65,36623453162.82,,,,,,,,,coingecko_historical
1760054400,2025-10-10,ethereum,,,4368.64943939,527213250874.58,42731695438.88,,,,,,,,,coingecko_historical
1760140800,2025-10-11,ethereum,,,3835.63284205,463578765352.86,90784076986.43,,,,,,,,,coingecko_historical
1760227200,2025-10-12,ethereum,,,3749.21818595,453043143808.87,54140013164.20,,,,,,,,,coingecko_historical
1760313600,2025-10-13,ethereum,,,4159.72930779,501175375996.80,57642806541.61,,,,,,,,,coingecko_historical
1760400000,2025-10-14,ethereum,,,4246.21746155,512317800004.74,46426992105.17,,,,,,,,,coingecko_historical
1760486400,2025-10-15,ethereum,,,4128.88844703,498801738230.51,62876294833.98,,,,,,,,,coingecko_historical
1760572800,2025-10-16,ethereum,,,3983.15443569,480502921991.18,44806571765.17,,,,,,,,,coingecko_historical
1760659200,2025-10-17,ethereum,,,3890.19930125,469582926617.42,44673230678.73,,,,,,,,,coingecko_historical
1760745600,2025-10-18,ethereum,,,3831.24417584,462727285553.62,52519500424.67,,,,,,,,,coingecko_historical
1760832000,2025-10-19,ethereum,,,3889.49903020,469204461222.87,19845543405.39,,,,,,,,,coingecko_historical
1760918400,2025-10-20,ethereum,,,3985.07656440,480734836101.84,29233928200.22,,,,,,,,,coingecko_historical
1761004800,2025-10-21,ethereum,,,3978.79015513,480395580827.00,35767064768.01,,,,,,,,,coingecko_historical
1761091200,2025-10-22,ethereum,,,3877.48719796,467810730089.43,46069514674.16,,,,,,,,,coingecko_historical
1761177600,2025-10-23,ethereum,,,3801.79079524,458856134706.02,41712359613.71,,,,,,,,,coingecko_historical
1761264000,2025-10-24,ethereum,,,3855.84211624,465361564940.01,32116755772.62,,,,,,,,,coingecko_historical
1761350400,2025-10-25,ethereum,,,3933.23226990,474759372126.46,30026152396.57,,,,,,,,,coingecko_historical
1761436800,2025-10-26,ethereum,,,3952.21355794,477319399731.49,12389144280.82,,,,,,,,,coingecko_historical
1761523200,2025-10-27,ethereum,,,4161.59089625,502918445052.52,25813518444.01,,,,,,,,,coingecko_historical
1761609600,2025-10-28,ethereum,,,4123.20622067,497221249584.59,36948961061.03,,,,,,,,,coingecko_historical
1761696000,2025-10-29,ethereum,,,3982.31278932,481161348044.66,35659878225.70,,,,,,,,,coingecko_historical
1761782400,2025-10-30,ethereum,,,3897.35926762,470349941761.84,33522381291.77,,,,,,,,,coingecko_historical
1761868800,2025-10-31,ethereum,,,3802.29536453,458793317252.40,36685058456.48,,,,,,,,,coingecko_historical
1761955200,2025-11-01,ethereum,,,3847.29817737,464417354244.42,32814597904.08,,,,,,,,,coingecko_historical
1762041600,2025-11-02,ethereum,,,3872.21189620,467387016348.60,12518543682.64,,,,,,,,,coingecko_historical
1762128000,2025-11-03,ethereum,,,3910.09476916,471549372393.21,15511617607.50,,,,,,,,,coingecko_historical
1762214400,2025-11-04,ethereum,,,3600.71550249,434149656995.10,47914058739.69,,,,,,,,,coingecko_historical
1762300800,2025-11-05,ethereum,,,3296.74376043,397489340792.35,68784285690.87,,,,,,,,,coingecko_historical
1762387200,2025-11-06,ethereum,,,3427.69059137,413918683595.61,44374527842.86,,,,,,,,,coingecko_historical
1762473600,2025-11-07,ethereum,,,3308.91816492,399007356776.53,33880974985.82,,,,,,,,,coingecko_historical
1762560000,2025-11-08,ethereum,,,3434.35122853,414691375367.59,38972602140.85,,,,,,,,,coingecko_historical
1762646400,2025-11-09,ethereum,,,3401.45940034,410599145957.87,20876971421.90,,,,,,,,,coingecko_historical
1762732800,2025-11-10,ethereum,,,3576.25470466,431294295578.24,25994213654.37,,,,,,,,,coingecko_historical
1762819200,2025-11-11,ethereum,,,3564.61059580,430271977432.51,31866555691.67,,,,,,,,,coingecko_historical
1762905600,2025-11-12,ethereum,,,3416.78132826,411969837331.60,36501187500.24,,,,,,,,,coingecko_historical
1762992000,2025-11-13,ethereum,,,3409.61445554,411695018306.40,31722707429.92,,,,,,,,,coingecko_historical
1763078400,2025-11-14,ethereum,,,3235.72763630,392354946592.35,47957135381.43,,,,,,,,,coingecko_historical
1763164800,2025-11-15,ethereum,,,3106.60128787,376914348602.97,45035057857.23,,,,,,,,,coingecko_historical
1763251200,2025-11-16,ethereum,,,3170.11298074,382460593691.14,19159039393.80,,,,,,,,,coingecko_historical
1763337600,2025-11-17,ethereum,,,3101.68679947,374435480317.17,30332766567.57,,,,,,,,,coingecko_historical
1763356403,2025-11-17,ethereum,,,3177.13822295,384573586154.09,32792287924.82,,,,,,,,,coingecko_historical
1763356461,2025-11-17,bitcoin,btc,Bitcoin,94889.00000000,1895203361892.00,77194511148.00,96528.00000000,93029.00000000,-1029.15795400,-1.0730,19948812.00,19948812.00,126080.00000000,2025-10-06T18:57:42.558Z,coingecko_current
1763356461,2025-11-17,ethereum,eth,Ethereum,3177.31000000,384573586154.00,32323413065.00,3241.23000000,3023.62000000,-28.62071282,-0.8927,120696215.48,120696215.48,4946.05000000,2025-08-24T19:21:03.333Z,coingecko_current
1763356461,2025-11-17,ripple,xrp,XRP,2.25000000,135367277721.00,4204454375.00,2.28000000,2.16000000,-0.00635196,-0.2820,60179002978.00,99985763151.00,3.65000000,2025-07-18T03:40:53.808Z,coingecko_current
1763356461,2025-11-17,solana,sol,Solana,140.03000000,77747411491.00,5355515215.00,143.06000000,135.28000000,-1.65277460,-1.1665,554314454.76,614240305.28,293.31000000,2025-01-19T11:15:27.957Z,coingecko_current
1763356461,2025-11-17,tron,trx,TRON,0.29257600,27709873348.00,962098516.00,0.29885500,0.28956100,-0.00449459,-1.5130,94669739224.21,94671940414.39,0.43128800,2024-12-04T00:10:40.323Z,coingecko_current
1763356461,2025-11-17,dogecoin,doge,Dogecoin,0.16083300,24435586501.00,1856800911.00,0.16522200,0.15451400,-0.00280257,-1.7127,151757286383.71,151806596383.71,0.73157800,2021-05-08T05:08:23.458Z,coingecko_current
1763356461,2025-11-17,cardano,ada,Cardano,0.49136600,18011096242.00,1281818224.00,0.50835000,0.47636100,-0.01246509,-2.4741,36602416495.72,45000000000.00,3.09000000,2021-09-02T06:00:10.474Z,coingecko_current
1763356461,2025-11-17,chainlink,link,Chainlink,13.94000000,9727888621.00,838011734.00,14.46000000,13.42000000,-0.26327626,-1.8531,696849970.45,1000000000.00,52.70000000,2021-05-10T00:13:57.214Z,coingecko_current
1763356461,2025-11-17,stellar,xlm,Stellar,0.25720400,8282139309.00,174673280.00,0.26254900,0.25015100,-0.00498328,-1.9007,32126078077.58,50001786883.67,0.87556300,2018-01-03T00:00:00.000Z,coingecko_current
1763356461,2025-11-17,litecoin,ltc,Litecoin,96.52000000,7399217183.00,744295933.00,102.38000000,95.08000000,-5.76638865,-5.6374,76526701.98,76528258.23,410.26000000,2021-05-10T03:13:07.904Z,coingecko_current
1763356461,2025-11-17,monero,xmr,Monero,397.68000000,7349519062.00,211747692.00,435.64000000,386.92000000,-27.98634810,-6.5747,18446744.07,18446744.07,542.33000000,2018-01-09T00:00:00.000Z,coingecko_current
1763356461,2025-11-17,avalanche-2,avax,Avalanche,15.54000000,6671598816.00,517763812.00,15.82000000,14.69000000,-0.18489229,-1.1756,428794481.89,460458260.88,144.96000000,2021-11-21T14:18:56.538Z,coingecko_current
1763356461,2025-11-17,hedera-hashgraph,hbar,Hedera,0.14934100,6355125084.00,256861739.00,0.15529100,0.14574800,-0.00532056,-3.4401,42475510653.55,50000000000.00,0.56922900,2021-09-15T10:40:28.318Z,coingecko_current
1763356461,2025-11-17,uniswap,uni,Uniswap,7.43000000,4686427223.00,906642222.00,7.88000000,7.06000000,-0.02812995,-0.3774,629892750.27,1000000000.00,44.92000000,2021-05-03T05:25:04.822Z,coingecko_current
1763356461,2025-11-17,polkadot,dot,Polkadot,2.81000000,4602670614.00,228500580.00,2.89000000,2.71000000,-0.06265582,-2.1811,1636259335.06,1636259335.06,54.98000000,2021-11-04T14:10:09.301Z,coingecko_current
1763356461,2025-11-17,ethereum-classic,etc,Ethereum Classic,14.94000000,2305223072.00,85632535.00,15.32000000,14.35000000,-0.36349602,-2.3758,154355933.65,154355933.65,167.09000000,2021-05-06T18:34:22.133Z,coingecko_current
1763356461,2025-11-17,aptos,apt,Aptos,2.88000000,2112674541.00,314607516.00,2.97000000,2.76000000,-0.07901101,-2.6700,733105956.40,1184631980.44,19.92000000,2023-01-26T14:25:17.390Z,coingecko_current
1763356461,2025-11-17,filecoin,fil,Filecoin,1.97000000,1414088125.00,311274331.00,2.12000000,1.89000000,-0.09040756,-4.3958,718098401.00,1958808156.00,236.84000000,2021-04-01T13:29:41.564Z,coingecko_current
1763356461,2025-11-17,cosmos,atom,Cosmos Hub,2.79000000,1338446788.00,64748061.00,2.87000000,2.71000000,-0.06410466,-2.2439,478468813.68,478468813.68,44.45000000,2022-01-17T00:34:41.497Z,coingecko_current
1763356504,2025-11-17,bitcoin,btc,Bitcoin,94889.00000000,1895203361892.00,77194511148.00,96528.00000000,93029.00000000,-1029.15795400,-1.0730,19948812.00,19948812.00,126080.00000000,2025-10-06T18:57:42.558Z,coingecko_current
1763356504,2025-11-17,ethereum,eth,Ethereum,3177.31000000,384573586154.00,32323413065.00,3241.23000000,3023.62000000,-28.62071282,-0.8927,120696215.48,120696215.48,4946.05000000,2025-08-24T19:21:03.333Z,coingecko_current
1763356504,2025-11-17,ripple,xrp,XRP,2.25000000,135367277721.00,4204454375.00,2.28000000,2.16000000,-0.00635196,-0.2820,60179002978.00,99985763151.00,3.65000000,2025-07-18T03:40:53.808Z,coingecko_current
1763356504,2025-11-17,solana,sol,Solana,140.03000000,77747411491.00,5355515215.00,143.06000000,135.28000000,-1.65277460,-1.1665,554314454.76,614240305.28,293.31000000,2025-01-19T11:15:27.957Z,coingecko_current
1763356504,2025-11-17,tron,trx,TRON,0.29257600,27709873348.00,962098516.00,0.29885500,0.28956100,-0.00449459,-1.5130,94669739224.21,94671940414.39,0.43128800,2024-12-04T00:10:40.323Z,coingecko_current
1763356504,2025-11-17,dogecoin,doge,Dogecoin,0.16083300,24435586501.00,1856800911.00,0.16522200,0.15451400,-0.00280257,-1.7127,151757286383.71,151806596383.71,0.73157800,2021-05-08T05:08:23.458Z,coingecko_current
1763356504,2025-11-17,cardano,ada,Cardano,0.49136600,18011096242.00,1281818224.00,0.50835000,0.47636100,-0.01246509,-2.4741,36602416495.72,45000000000.00,3.09000000,2021-09-02T06:00:10.474Z,coingecko_current
1763356504,2025-11-17,chainlink,link,Chainlink,13.94000000,9727888621.00,838011734.00,14.46000000,13.42000000,-0.26327626,-1.8531,696849970.45,1000000000.00,52.70000000,2021-05-10T00:13:57.214Z,coingecko_current
1763356504,2025-11-17,stellar,xlm,Stellar,0.25720400,8282139309.00,174673280.00,0.26254900,0.25015100,-0.00498328,-1.9007,32126078077.58,50001786883.67,0.87556300,2018-01-03T00:00:00.000Z,coingecko_current
1763356504,2025-11-17,litecoin,ltc,Litecoin,96.52000000,7399217183.00,744295933.00,102.38000000,95.08000000,-5.76638865,-5.6374,76526701.98,76528258.23,410.26000000,2021-05-10T03:13:07.904Z,coingecko_current
1763356504,2025-11-17,monero,xmr,Monero,397.68000000,7349519062.00,211747692.00,435.64000000,386.92000000,-27.98634810,-6.5747,18446744.07,18446744.07,542.33000000,2018-01-09T00:00:00.000Z,coingecko_current
1763356504,2025-11-17,avalanche-2,avax,Avalanche,15.54000000,6671598816.00,517763812.00,15.82000000,14.69000000,-0.18489229,-1.1756,428794481.89,460458260.88,144.96000000,2021-11-21T14:18:56.538Z,coingecko_current
1763356504,2025-11-17,hedera-hashgraph,hbar,Hedera,0.14934100,6355125084.00,256861739.00,0.15529100,0.14574800,-0.00532056,-3.4401,42475510653.55,50000000000.00,0.56922900,2021-09-15T10:40:28.318Z,coingecko_current
1763356504,2025-11-17,uniswap,uni,Uniswap,7.43000000,4686427223.00,906642222.00,7.88000000,7.06000000,-0.02812995,-0.3774,629892750.27,1000000000.00,44.92000000,2021-05-03T05:25:04.822Z,coingecko_current
1763356504,2025-11-17,polkadot,dot,Polkadot,2.81000000,4602670614.00,228500580.00,2.89000000,2.71000000,-0.06265582,-2.1811,1636259335.06,1636259335.06,54.98000000,2021-11-04T14:10:09.301Z,coingecko_current
1763356504,2025-11-17,ethereum-classic,etc,Ethereum Classic,14.94000000,2305223072.00,85632535.00,15.32000000,14.35000000,-0.36349602,-2.3758,154355933.65,154355933.65,167.09000000,2021-05-06T18:34:22.133Z,coingecko_current
1763356504,2025-11-17,aptos,apt,Aptos,2.88000000,2112674541.00,314607516.00,2.97000000,2.76000000,-0.07901101,-2.6700,733105956.40,1184631980.44,19.92000000,2023-01-26T14:25:17.390Z,coingecko_current
1763356504,2025-11-17,filecoin,fil,Filecoin,1.97000000,1414088125.00,311274331.00,2.12000000,1.89000000,-0.09040756,-4.3958,718098401.00,1958808156.00,236.84000000,2021-04-01T13:29:41.564Z,coingecko_current
1763356504,2025-11-17,cosmos,atom,Cosmos Hub,2.79000000,1338446788.00,64748061.00,2.87000000,2.71000000,-0.06410466,-2.2439,478468813.68,478468813.68,44.45000000,2022-01-17T00:34:41.497Z,coingecko_current
1763356761,2025-11-17,bitcoin,btc,Bitcoin,94976.00000000,1895203361892.00,77867802528.00,96528.00000000,93029.00000000,-995.75960225,-1.0376,19948812.00,19948812.00,126080.00000000,2025-10-06T18:57:42.558Z,coingecko_current
1763356761,2025-11-17,ethereum,eth,Ethereum,3182.32000000,384573586154.00,32995519798.00,3241.23000000,3023.62000000,-25.27896462,-0.7881,120696215.48,120696215.48,4946.05000000,2025-08-24T19:21:03.333Z,coingecko_current
1763356761,2025-11-17,ripple,xrp,XRP,2.24000000,135367277721.00,4252984124.00,2.28000000,2.16000000,-0.01274633,-0.5646,60179002978.00,99985763151.00,3.65000000,2025-07-18T03:40:53.808Z,coingecko_current
1763356761,2025-11-17,solana,sol,Solana,140.02000000,77747411491.00,5344321138.00,143.06000000,135.28000000,-1.85077853,-1.3046,554314454.76,614240305.28,293.31000000,2025-01-19T11:15:27.957Z,coingecko_current
1763356761,2025-11-17,tron,trx,TRON,0.29254600,27709873348.00,969169471.00,0.29885500,0.28956100,-0.00449686,-1.5139,94669739224.21,94672237990.00,0.43128800,2024-12-04T00:10:40.323Z,coingecko_current
1763356761,2025-11-17,dogecoin,doge,Dogecoin,0.16101200,24435586501.00,1870600056.00,0.16522200,0.15451400,-0.00285650,-1.7432,151757286383.71,151806596383.71,0.73157800,2021-05-08T05:08:23.458Z,coingecko_current
1763356761,2025-11-17,cardano,ada,Cardano,0.49110200,18011096242.00,1284018623.00,0.50835000,0.47636100,-0.01367821,-2.7097,36602416495.72,45000000000.00,3.09000000,2021-09-02T06:00:10.474Z,coingecko_current
1763356761,2025-11-17,chainlink,link,Chainlink,13.94000000,9727888621.00,837358220.00,14.46000000,13.42000000,-0.29026284,-2.0394,696849970.45,1000000000.00,52.70000000,2021-05-10T00:13:57.214Z,coingecko_current
1763356761,2025-11-17,stellar,xlm,Stellar,0.25710100,8282139309.00,174839456.00,0.26254900,0.25015100,-0.00536283,-2.0433,32126078077.58,50001786883.67,0.87556300,2018-01-03T00:00:00.000Z,coingecko_current
1763356761,2025-11-17,litecoin,ltc,Litecoin,96.51000000,7399217183.00,745558794.00,102.38000000,95.08000000,-5.79222525,-5.6619,76526701.98,76528258.23,410.26000000,2021-05-10T03:13:07.904Z,coingecko_current
1763356761,2025-11-17,monero,xmr,Monero,397.95000000,7349519062.00,211133661.00,435.64000000,386.92000000,-28.55542349,-6.6952,18446744.07,18446744.07,542.33000000,2018-01-09T00:00:00.000Z,coingecko_current
1763356761,2025-11-17,avalanche-2,avax,Avalanche,15.54000000,6671598816.00,515769621.00,15.82000000,14.69000000,-0.18895789,-1.2010,428794481.89,460458260.88,144.96000000,2021-11-21T14:18:56.538Z,coingecko_current
1763356761,2025-11-17,hedera-hashgraph,hbar,Hedera,0.14961500,6355125084.00,257101539.00,0.15529100,0.14574800,-0.00516382,-3.3363,42475510653.55,50000000000.00,0.56922900,2021-09-15T10:40:28.318Z,coingecko_current
1763356761,2025-11-17,uniswap,uni,Uniswap,7.44000000,4686427223.00,907053498.00,7.88000000,7.06000000,-0.05060000,-0.6756,629892750.27,1000000000.00,44.92000000,2021-05-03T05:25:04.822Z,coingecko_current
1763356761,2025-11-17,polkadot,dot,Polkadot,2.81000000,4602670614.00,229133896.00,2.89000000,2.71000000,-0.06143911,-2.1377,1636259335.06,1636455124.08,54.98000000,2021-11-04T14:10:09.301Z,coingecko_current
1763356761,2025-11-17,ethereum-classic,etc,Ethereum Classic,14.94000000,2305223072.00,85589124.00,15.32000000,14.35000000,-0.37675134,-2.4600,154355933.65,154355933.65,167.09000000,2021-05-06T18:34:22.133Z,coingecko_current
1763356761,2025-11-17,aptos,apt,Aptos,2.88000000,2112674541.00,313560836.00,2.97000000,2.76000000,-0.08003839,-2.7037,733105956.40,1184631980.44,19.92000000,2023-01-26T14:25:17.390Z,coingecko_current
1763356761,2025-11-17,filecoin,fil,Filecoin,1.97000000,1414088125.00,311499054.00,2.12000000,1.89000000,-0.09495526,-4.5974,718098401.00,1958808156.00,236.84000000,2021-04-01T13:29:41.564Z,coingecko_current
1763356761,2025-11-17,cosmos,atom,Cosmos Hub,2.79000000,1338446788.00,65354850.00,2.87000000,2.71000000,-0.07082376,-2.4738,478468813.68,478468813.68,44.45000000,2022-01-17T00:34:41.497Z,coingecko_current
1763356804,2025-11-17,bitcoin,btc,Bitcoin,94976.00000000,1895203361892.00,77867802528.00,96528.00000000,93029.00000000,-995.75960225,-1.0376,19948812.00,19948812.00,126080.00000000,2025-10-06T18:57:42.558Z,coingecko_current
1763356804,2025-11-17,ethereum,eth,Ethereum,3182.32000000,384573586154.00,32995519798.00,3241.23000000,3023.62000000,-25.27896462,-0.7881,120696215.48,120696215.48,4946.05000000,2025-08-24T19:21:03.333Z,coingecko_current
1763356804,2025-11-17,ripple,xrp,XRP,2.24000000,135367277721.00,4252984124.00,2.28000000,2.16000000,-0.01274633,-0.5646,60179002978.00,99985763151.00,3.65000000,2025-07-18T03:40:53.808Z,coingecko_current
1763356804,2025-11-17,solana,sol,Solana,140.02000000,77747411491.00,5344321138.00,143.06000000,135.28000000,-1.85077853,-1.3046,554314454.76,614240305.28,293.31000000,2025-01-19T11:15:27.957Z,coingecko_current
1763356804,2025-11-17,tron,trx,TRON,0.29254600,27709873348.00,969169471.00,0.29885500,0.28956100,-0.00449686,-1.5139,94669739224.21,94672237990.00,0.43128800,2024-12-04T00:10:40.323Z,coingecko_current
1763356804,2025-11-17,dogecoin,doge,Dogecoin,0.16101200,24435586501.00,1870600056.00,0.16522200,0.15451400,-0.00285650,-1.7432,151757286383.71,151806596383.71,0.73157800,2021-05-08T05:08:23.458Z,coingecko_current
1763356804,2025-11-17,cardano,ada,Cardano,0.49110200,18011096242.00,1284018623.00,0.50835000,0.47636100,-0.01367821,-2.7097,36602416495.72,45000000000.00,3.09000000,2021-09-02T06:00:10.474Z,coingecko_current
1763356804,2025-11-17,chainlink,link,Chainlink,13.94000000,9727888621.00,837358220.00,14.46000000,13.42000000,-0.29026284,-2.0394,696849970.45,1000000000.00,52.70000000,2021-05-10T00:13:57.214Z,coingecko_current
1763356804,2025-11-17,stellar,xlm,Stellar,0.25710100,8282139309.00,174839456.00,0.26254900,0.25015100,-0.00536283,-2.0433,32126078077.58,50001786883.67,0.87556300,2018-01-03T00:00:00.000Z,coingecko_current
1763356804,2025-11-17,litecoin,ltc,Litecoin,96.51000000,7399217183.00,745558794.00,102.38000000,95.08000000,-5.79222525,-5.6619,76526701.98,76528258.23,410.26000000,2021-05-10T03:13:07.904Z,coingecko_current
1763356804,2025-11-17,monero,xmr,Monero,397.95000000,7349519062.00,211133661.00,435.64000000,386.92000000,-28.55542349,-6.6952,18446744.07,18446744.07,542.33000000,2018-01-09T00:00:00.000Z,coingecko_current
1763356804,2025-11-17,avalanche-2,avax,Avalanche,15.54000000,6671598816.00,515769621.00,15.82000000,14.69000000,-0.18895789,-1.2010,428794481.89,460458260.88,144.96000000,2021-11-21T14:18:56.538Z,coingecko_current
1763356804,2025-11-17,hedera-hashgraph,hbar,Hedera,0.14961500,6355125084.00,257101539.00,0.15529100,0.14574800,-0.00516382,-3.3363,42475510653.55,50000000000.00,0.56922900,2021-09-15T10:40:28.318Z,coingecko_current
1763356804,2025-11-17,uniswap,uni,Uniswap,7.44000000,4686427223.00,907053498.00,7.88000000,7.06000000,-0.05060000,-0.6756,629892750.27,1000000000.00,44.92000000,2021-05-03T05:25:04.822Z,coingecko_current
1763356804,2025-11-17,polkadot,dot,Polkadot,2.81000000,4602670614.00,229133896.00,2.89000000,2.71000000,-0.06143911,-2.1377,1636259335.06,1636455124.08,54.98000000,2021-11-04T14:10:09.301Z,coingecko_current
1763356804,2025-11-17,ethereum-classic,etc,Ethereum Classic,14.94000000,2305223072.00,85589124.00,15.32000000,14.35000000,-0.37675134,-2.4600,154355933.65,154355933.65,167.09000000,2021-05-06T18:34:22.133Z,coingecko_current
1763356804,2025-11-17,aptos,apt,Aptos,2.88000000,2112674541.00,313560836.00,2.97000000,2.76000000,-0.08003839,-2.7037,733105956.40,1184631980.44,19.92000000,2023-01-26T14:25:17.390Z,coingecko_current
1763356804,2025-11-17,filecoin,fil,Filecoin,1.97000000,1414088125.00,311499054.00,2.12000000,1.89000000,-0.09495526,-4.5974,718098401.00,1958808156.00,236.84000000,2021-04-01T13:29:41.564Z,coingecko_current
1763356804,2025-11-17,cosmos,atom,Cosmos Hub,2.79000000,1338446788.00,65354850.00,2.87000000,2.71000000,-0.07082376,-2.4738,478468813.68,478468813.68,44.45000000,2022-01-17T00:34:41.497Z,coingecko_current
1763357403,2025-11-17,bitcoin,btc,Bitcoin,95077.00000000,1893163292477.00,77486968731.00,96528.00000000,93029.00000000,-809.17395153,-0.8439,19948812.00,19948812.00,126080.00000000,2025-10-06T18:57:42.558Z,coingecko_current
1763357403,2025-11-17,ethereum,eth,Ethereum,3187.14000000,383781441055.00,32971556278.00,3241.23000000,3023.62000000,-17.94994350,-0.5600,120696215.48,120696215.48,4946.05000000,2025-08-24T19:21:03.333Z,coingecko_current
1763357403,2025-11-17,ripple,xrp,XRP,2.25000000,135040335403.00,4289203294.00,2.28000000,2.16000000,-0.00747393,-0.3314,60179002978.00,99985763151.00,3.65000000,2025-07-18T03:40:53.808Z,coingecko_current
1763357403,2025-11-17,solana,sol,Solana,140.12000000,77597383555.00,5356439284.00,143.06000000,135.28000000,-1.43842195,-1.0161,554314449.27,614240305.28,293.31000000,2025-01-19T11:15:27.957Z,coingecko_current
1763357403,2025-11-17,tron,trx,TRON,0.29261600,27693114661.00,967996602.00,0.29885500,0.28956100,-0.00381044,-1.2855,94669739224.21,94672237990.00,0.43128800,2024-12-04T00:10:40.323Z,coingecko_current
1763357403,2025-11-17,dogecoin,doge,Dogecoin,0.16108400,24428007634.00,1874168986.00,0.16522200,0.15451400,-0.00255679,-1.5624,151757286383.71,151806596383.71,0.73157800,2021-05-08T05:08:23.458Z,coingecko_current
1763357403,2025-11-17,cardano,ada,Cardano,0.49179500,17970575001.00,1281422823.00,0.50835000,0.47636100,-0.01178812,-2.3409,36602416495.72,45000000000.00,3.09000000,2021-09-02T06:00:10.474Z,coingecko_current
1763357403,2025-11-17,chainlink,link,Chainlink,13.95000000,9713127929.00,837949439.00,14.46000000,13.42000000,-0.29033002,-2.0382,696849970.45,1000000000.00,52.70000000,2021-05-10T00:13:57.214Z,coingecko_current
1763357403,2025-11-17,stellar,xlm,Stellar,0.25692300,8245055420.00,175615255.00,0.26237800,0.25015100,-0.00545483,-2.0790,32126077979.90,50001786883.67,0.87556300,2018-01-03T00:00:00.000Z,coingecko_current
1763357403,2025-11-17,litecoin,ltc,Litecoin,96.48000000,7373348068.00,749814440.00,102.38000000,95.08000000,-5.62326907,-5.5077,76526701.98,76528808.23,410.26000000,2021-05-10T03:13:07.904Z,coingecko_current
1763357403,2025-11-17,monero,xmr,Monero,398.60000000,7339002188.00,210418508.00,435.64000000,386.92000000,-29.79242834,-6.9544,18446744.07,18446744.07,542.33000000,2018-01-09T00:00:00.000Z,coingecko_current
1763357403,2025-11-17,avalanche-2,avax,Avalanche,15.54000000,6658523193.00,530296832.00,15.82000000,14.69000000,-0.18227047,-1.1594,428794615.63,460458260.88,144.96000000,2021-11-21T14:18:56.538Z,coingecko_current
1763357403,2025-11-17,hedera-hashgraph,hbar,Hedera,0.14987800,6351804427.00,257234926.00,0.15529100,0.14574800,-0.00475337,-3.0740,42475510653.55,50000000000.00,0.56922900,2021-09-15T10:40:28.318Z,coingecko_current
1763357403,2025-11-17,uniswap,uni,Uniswap,7.48000000,4708007956.00,909608394.00,7.88000000,7.06000000,-0.06319588,-0.8381,629892750.27,1000000000.00,44.92000000,2021-05-03T05:25:04.822Z,coingecko_current
1763357403,2025-11-17,polkadot,dot,Polkadot,2.81000000,4602865513.00,228885491.00,2.89000000,2.71000000,-0.05867085,-2.0421,1636259335.06,1636455124.08,54.98000000,2021-11-04T14:10:09.301Z,coingecko_current
1763357403,2025-11-17,ethereum-classic,etc,Ethereum Classic,14.95000000,2304701114.00,86021966.00,15.32000000,14.35000000,-0.36776360,-2.4011,154355933.65,154355933.65,167.09000000,2021-05-06T18:34:22.133Z,coingecko_current
1763357403,2025-11-17,aptos,apt,Aptos,2.87000000,2105862343.00,312169201.00,2.97000000,2.76000000,-0.08602666,-2.9077,733105944.09,1184631980.44,19.92000000,2023-01-26T14:25:17.390Z,coingecko_current
1763357403,2025-11-17,filecoin,fil,Filecoin,1.98000000,1417154960.00,312118537.00,2.12000000,1.89000000,-0.08377211,-4.0641,718098401.00,1958808156.00,236.84000000,2021-04-01T13:29:41.564Z,coingecko_current
1763357403,2025-11-17,cosmos,atom,Cosmos Hub,2.79000000,1334278611.00,65379410.00,2.87000000,2.71000000,-0.07422052,-2.5905,478468813.68,478468813.68,44.45000000,2022-01-17T00:34:41.497Z,coingecko_current
